Kabupaten/Kota,,,,,,,,,,,,,,,,,,,,,,,,,,,
,Rata-rata Pengeluaran Perkapita Seminggu Menurut Kelompok Sayur-Sayuran Per Kabupaten/kota (Rupiah/Kapita/Minggu),,,,,,,,,,,,,,,,,,,,,,,,,,
,SAYUR-SAYURAN,Bayam,Kangkung,Kol/kubis,Sawi putih (petsai),Sawi hijau,Buncis,Kacang panjang,"Tomat sayur, tomat ceri",Wortel,Mentimun,Daun ketela pohon/daun singkong,Terong,Tauge,"Labu, labu siam, labu parang",Bahan sayur sop/cap cay/ kimlo (paket),Bahan sayur asam/lodeh (paket),Nangka muda,Pepaya muda,Jengkol,Bawang putih,Bawang merah,Bawang bombay,Cabe merah,Cabe hijau,Cabe rawit,Sayur-sayuran lainnya
,2024,2024,2024,2024,2024,2024,2024,2024,2024,2024,2024,2024,2024,2024,2024,2024,2024,2024,2024,2024,2024,2024,2024,2024,2024,2024,2024
Simeulue,13152,171,668,250,51,136,33,145,449,192,183,560,389,103,78,-,-,76,39,-,2518,722,4,3945,176,2174,91
Aceh Singkil,17920,482,696,336,285,349,221,565,1828,391,408,417,624,177,160,9,14,47,18,220,2744,1025,20,5242,511,1074,58
Aceh Selatan,14771,470,597,318,111,214,104,291,578,470,355,204,638,203,92,102,61,92,26,240,1943,880,54,4052,99,2404,171
Aceh Tenggara,14685,561,595,402,224,192,170,386,639,231,101,442,425,164,79,15,5,110,40,28,2518,956,31,3780,498,1864,228
Aceh Timur,12709,455,499,190,64,94,86,356,496,234,189,269,288,195,117,124,405,159,185,153,2178,1007,94,2360,888,1471,153
Aceh Tengah,17119,477,733,322,255,343,478,545,975,166,148,369,509,216,565,45,107,34,14,55,2451,1095,146,3634,761,1941,735
Aceh Barat,15821,727,729,205,43,343,77,644,545,390,270,566,469,268,145,159,50,56,24,307,2372,773,154,3397,167,2290,649
Aceh Besar,14052,632,590,282,35,193,134,280,1657,466,210,217,297,259,80,85,109,148,148,6,2230,877,44,2903,660,1266,243
Pidie,12984,666,533,142,30,167,100,358,1524,266,200,87,235,293,118,260,278,79,88,6,2156,753,237,2452,760,1008,186
Bireuen,12718,588,567,178,77,78,22,234,419,168,165,228,236,248,115,385,286,57,159,13,2413,800,68,3200,803,924,286
Aceh Utara,10205,556,452,130,18,77,65,309,531,202,161,200,185,209,124,202,341,83,93,179,1802,815,55,1806,611,912,88
Aceh Barat Daya,13790,507,560,127,115,171,65,280,151,261,290,183,636,199,107,42,23,80,58,37,2187,683,-,4414,76,2357,183
Gayo Lues,14544,459,451,406,122,320,178,551,1410,201,89,252,744,107,326,11,7,264,71,145,2337,744,34,3564,379,1144,227
Aceh Tamiang,14233,642,695,174,141,265,97,324,63,363,185,355,390,166,110,133,272,34,23,110,2224,1018,57,3155,1170,1895,173
Nagan Raya,21928,1040,1043,592,127,486,173,747,801,797,465,442,913,386,224,107,58,178,143,450,3318,1621,223,3526,620,3315,133
Aceh Jaya,14197,716,727,350,14,109,66,469,150,440,463,322,452,228,161,30,23,24,24,41,2452,797,1,3094,320,2354,372
Bener Meriah,21000,745,935,609,262,310,557,409,1063,294,248,507,724,280,1321,82,99,107,21,234,2627,1115,109,4327,1189,2367,458
Pidie Jaya,13373,843,627,219,81,211,100,496,1317,339,159,56,398,346,88,115,193,54,43,27,2238,748,130,3031,575,886,51
Kota Banda Aceh,15251,757,662,226,133,407,137,204,281,685,342,170,266,268,189,270,255,23,53,30,2378,984,167,3873,629,1207,655
Kota Sabang,16573,900,795,220,136,403,199,284,1415,584,200,304,369,367,95,81,194,51,73,153,2461,1319,125,3445,1079,1085,236
Kota Langsa,14661,603,640,198,123,206,109,170,202,429,245,339,293,161,100,279,313,12,26,159,2348,1237,41,3683,963,1611,174
Kota Lhokseumawe,15067,699,669,171,106,170,87,194,581,369,132,145,283,247,111,383,351,64,80,45,2320,893,60,4059,1230,1279,340
Kota Subulussalam,13635,660,547,379,183,221,187,362,786,253,407,304,709,116,118,10,60,107,32,190,2194,673,1,4228,209,564,136
Nias,11276,246,759,286,58,12,32,293,33,107,173,1053,703,32,28,-,-,170,62,-,2000,637,29,1400,112,2851,199
Mandailing Natal,16147,484,489,244,154,198,166,516,783,215,186,593,554,139,164,16,5,40,18,113,2196,628,20,6454,148,1477,147
Tapanuli Selatan,15858,434,551,267,148,225,244,290,1140,137,132,759,469,127,242,32,-,30,58,136,2286,685,17,6311,115,771,251
Tapanuli Tengah,12713,481,534,266,351,383,115,113,204,304,207,605,369,44,130,13,-,12,14,34,2237,813,23,4715,83,504,160
Tapanuli Utara,13957,415,328,443,540,466,193,143,384,662,178,534,279,64,269,12,-,5,3,44,2755,1353,29,3703,210,823,125
Toba Samosir,15410,872,461,232,1107,710,283,113,317,914,207,438,245,198,178,56,2,19,20,15,2724,1725,74,3326,30,999,144
Labuhan Batu,15950,718,727,397,335,224,265,322,939,307,225,494,620,127,114,24,6,92,110,176,2213,1251,22,4149,450,1507,134
Asahan,18091,644,653,369,349,237,188,332,684,348,161,640,721,186,109,29,11,277,249,45,2449,1490,24,4273,1070,2316,237
Simalungun,16398,653,578,334,414,296,217,336,585,389,121,464,476,106,152,90,8,143,163,90,2506,1620,55,3846,783,1842,131
Dairi,15812,564,324,302,499,341,216,197,2057,456,167,497,350,90,358,38,13,18,10,85,2459,1518,27,3097,120,1927,81
Karo,22247,730,723,484,539,354,367,329,2978,251,111,533,654,211,678,110,15,28,13,53,2887,1891,24,4467,292,3076,446
Deli Serdang,17749,761,636,299,331,315,128,462,1471,318,215,402,550,254,178,107,52,75,80,100,2459,1403,28,4184,470,2277,195
Langkat,17528,565,814,276,225,348,128,531,1147,303,186,641,691,219,152,78,75,157,166,73,2385,1254,46,3769,742,2381,176
Nias Selatan,12098,215,534,504,103,34,26,247,50,226,56,1062,889,16,29,-,7,163,108,-,2257,1001,34,2470,96,1953,20
Humbang Hasundutan,14752,508,362,371,754,417,169,105,216,594,231,561,296,50,336,5,-,22,16,59,2967,1312,98,3888,62,1141,214
Pakpak Bharat,14244,679,238,508,435,434,226,236,406,407,336,938,434,176,498,41,-,31,39,183,2324,1249,28,2591,205,1347,254
Samosir,19608,443,414,515,1048,606,165,118,3057,963,215,753,354,65,253,57,0,12,14,78,2996,1861,58,2988,89,2210,274
Serdang Bedagai,15435,533,631,252,306,362,115,359,443,325,115,399,615,119,62,27,11,61,145,44,2260,1169,14,4019,729,2167,151
Batu Bara,15524,542,624,224,317,210,163,214,207,268,121,433,516,125,89,84,5,166,160,41,2214,1279,31,4349,1207,1802,133
Padang Lawas Utara,14907,547,702,501,107,144,289,311,1025,203,250,689,927,202,137,21,3,20,94,238,2262,793,25,4305,219,754,139
Padang Lawas,16544,642,651,483,297,209,164,649,748,252,300,630,855,131,226,6,6,23,14,344,2318,580,-,5387,173,1056,399
Labuhan Batu Selatan,17317,652,720,498,265,212,309,484,894,279,208,569,835,188,77,26,4,211,176,92,2516,1276,15,4103,490,2111,109
Labuhan Batu Utara,16161,680,591,415,233,231,209,337,581,297,131,527,584,172,104,34,6,168,158,88,2510,1358,29,3805,815,1980,118
Nias Utara,10324,223,633,201,161,28,40,276,71,127,91,803,769,33,79,-,-,64,124,-,1799,714,5,1368,247,2314,155
Nias Barat,7832,132,540,167,55,5,29,108,31,89,40,1033,465,24,2,-,-,46,108,5,1655,568,20,1786,169,597,157
Kota Sibolga,13030,588,657,141,348,435,165,100,77,345,252,279,264,109,82,117,13,-,-,24,1925,749,27,5785,99,210,239
Kota Tanjung Balai,14499,573,502,309,284,250,268,214,324,342,214,405,636,215,260,44,9,100,36,128,1975,818,79,4979,709,560,268
Kota Pematang Siantar,14584,725,670,240,469,382,202,205,328,495,262,363,278,178,238,112,12,43,8,33,2301,1354,101,4005,562,823,196
Kota Tebing Tinggi,17628,835,616,297,258,264,125,305,1355,369,308,340,516,116,210,66,21,95,51,336,2411,1238,87,4640,822,1738,208
Kota Medan,18265,778,549,324,460,420,249,298,1826,454,296,318,502,250,184,289,224,40,38,171,2220,1445,174,4553,826,1141,237
Kota Binjai,20530,798,851,233,447,449,168,391,1545,557,224,375,610,278,136,149,85,35,49,134,2686,1804,103,5074,815,2287,248
Kota Padangsidimpuan,16543,586,568,206,254,293,217,349,612,373,136,677,466,170,296,92,22,14,24,124,2507,953,19,5704,288,702,891
Kota Gunungsitoli,11151,452,609,241,128,104,127,234,121,255,161,541,472,78,25,10,11,110,117,9,1787,978,8,2344,153,1907,168
Kepulauan Mentawai,16329,361,884,313,46,62,63,267,414,237,658,881,566,23,53,-,-,56,51,18,3321,960,19,5306,194,1304,271
Pesisir Selatan,21168,410,560,292,58,69,112,272,571,295,304,184,688,232,49,5,-,21,3,534,2971,762,10,11533,701,476,56
Solok,21085,448,361,283,85,48,285,59,1122,376,294,261,479,288,139,27,-,8,8,1337,2344,536,32,10746,1135,181,203
Sijunjung,21635,243,362,407,107,55,189,145,664,363,356,445,488,340,110,-,19,106,13,2594,2385,713,17,7892,240,2534,848
Tanah Datar,18331,433,500,263,170,55,197,76,648,379,238,301,332,279,129,18,0,81,16,833,2220,592,12,9217,314,615,412
Padang Pariaman,18055,462,551,228,57,35,147,177,875,318,251,259,528,274,91,20,4,109,7,301,2413,1030,14,7978,468,1124,334
Agam,17737,477,415,234,168,149,235,89,458,255,204,307,521,201,130,30,2,133,15,243,2516,857,1,8743,561,573,220
Lima Puluh Kota,20821,432,510,328,218,118,248,159,321,271,269,427,733,343,161,8,-,250,3,580,2479,785,22,10637,283,1051,185
Pasaman,17726,410,366,261,94,123,173,322,381,210,317,543,823,140,177,6,-,83,40,590,1827,536,8,7629,280,2033,354
Solok Selatan,22891,366,351,321,56,92,317,228,1237,274,327,447,688,152,114,3,-,91,22,1381,2648,651,18,10784,1068,803,448
Dharmasraya,20938,301,460,456,195,80,199,352,649,427,288,507,676,264,191,8,8,28,96,1699,2671,836,49,7053,1159,1788,501
Pasaman Barat,19057,430,478,365,77,67,140,441,186,288,322,443,1192,225,214,14,25,54,42,602,2266,508,5,6013,354,4111,198
Kota Padang,21574,634,892,203,216,105,313,166,896,551,335,218,513,468,146,9,11,25,9,744,2364,793,89,10211,866,445,350
Kota Solok,19306,500,569,120,135,162,159,90,1470,334,392,186,427,295,166,9,0,19,8,1330,2101,674,23,8856,715,306,260
Kota Sawah Lunto,22570,544,524,320,169,130,253,105,661,576,388,315,413,357,228,19,-,60,27,1737,2644,876,36,9482,1280,828,598
Kota Padang Panjang,17058,800,756,234,165,138,203,69,467,622,265,90,310,410,251,36,13,40,-,273,1932,827,36,8034,559,193,336
Kota Bukittinggi,17957,594,608,214,266,126,278,86,439,557,273,154,506,378,240,80,23,115,2,553,1969,781,75,8423,738,199,282
Kota Payakumbuh,17910,488,476,100,195,137,282,96,321,408,233,200,392,425,155,90,11,88,8,334,2093,908,35,9179,842,272,143
Kota Pariaman,17094,693,583,250,103,52,81,72,1049,437,235,117,263,385,113,15,0,46,1,255,2278,973,19,7351,612,728,382
Kuantan Singingi,22773,632,642,437,138,136,210,367,345,348,445,352,700,294,113,111,31,102,53,1157,3149,1325,29,8323,663,2472,197
Indragiri Hulu,21869,622,843,488,148,215,244,391,551,388,407,476,663,247,94,179,63,139,90,748,2784,1440,23,6796,701,2579,549
Indragiri Hilir,16639,398,709,784,106,139,229,303,193,282,445,469,577,226,252,33,13,156,122,278,2737,1747,13,3837,194,1773,624
Pelalawan,22520,744,694,490,249,248,386,403,614,548,627,384,937,322,211,72,51,101,89,873,3221,1609,42,4938,731,3730,203
Siak,22056,683,769,485,384,231,314,474,850,569,407,327,802,294,145,83,61,181,142,449,2816,1814,47,5755,709,2998,267
Kampar,21879,684,723,390,265,141,308,451,376,553,324,329,919,226,82,139,18,113,100,586,3126,1607,18,7335,605,2257,206
Rokan Hulu,25104,806,852,612,273,204,384,704,827,474,476,487,1113,218,217,95,32,230,167,365,3131,1685,45,7339,645,3520,202
Bengkalis,22523,792,818,548,270,299,313,431,841,515,501,451,655,357,133,80,88,241,99,837,2879,1958,110,5883,563,2634,227
Rokan Hilir,18185,594,704,568,256,224,337,517,660,412,300,339,802,117,105,58,19,162,121,214,2595,1552,28,4014,614,2698,176
Kepulauan Meranti,14209,583,782,478,117,220,148,430,184,276,361,374,457,467,95,33,16,141,19,123,2080,1650,26,2601,326,1711,512
Kota Pekanbaru,19445,694,658,221,276,134,341,172,818,641,414,138,479,322,199,57,75,53,19,537,2790,1412,59,6895,477,1239,327
Kota Dumai,18885,779,787,335,429,230,293,282,107,609,543,309,501,375,173,27,52,110,77,420,2544,1448,96,5779,368,1911,302
Kerinci,18205,425,307,302,23,66,506,165,401,217,376,505,687,289,251,19,-,43,19,578,1881,968,66,8597,521,193,800
Merangin,21721,588,715,366,158,204,281,553,676,262,348,726,883,181,180,47,49,132,120,1408,2310,947,20,6360,586,3164,457
Sarolangun,18711,567,743,357,108,87,118,399,333,224,284,485,744,229,77,66,19,66,64,1572,2212,974,0,5613,195,2796,378
Batang Hari,19775,693,782,422,202,214,264,446,376,380,434,429,792,326,199,94,78,77,114,813,2355,1341,13,5741,251,2711,228
Muaro Jambi,20801,768,789,440,351,329,294,647,464,518,344,418,766,386,200,43,46,175,229,824,2551,1507,46,5796,370,2255,246
Tanjung Jabung Timur,20781,890,843,408,313,153,263,447,611,371,306,460,848,149,241,137,21,132,186,787,2700,1878,3,5861,227,2390,155
Tanjung Jabung Barat,17517,815,672,481,126,219,327,538,301,408,442,454,573,325,168,111,97,139,83,418,2436,1511,11,3630,244,2496,492
Tebo,19598,550,690,425,131,253,192,501,391,295,413,522,968,177,106,88,18,213,196,1155,1910,1101,23,5461,428,3051,340
Bungo,22504,606,704,398,215,60,202,534,155,319,469,573,1092,183,228,110,25,102,102,1298,2460,892,9,7666,321,2930,850
Kota Jambi,17443,763,767,245,329,309,310,287,506,596,327,230,471,294,209,110,191,41,61,410,2204,1084,84,5559,283,1194,578
Kota Sungai Penuh,16685,614,479,226,45,84,341,154,483,337,286,300,586,286,265,23,0,25,2,895,1647,710,84,8103,280,216,216
Ogan Komering Ulu,11395,450,546,270,189,105,87,373,662,243,183,433,512,203,130,385,184,62,29,87,1405,1168,19,1678,64,1706,219
Ogan Komering Ilir,17033,558,717,589,303,119,150,717,512,416,475,494,679,115,215,403,264,151,214,146,2250,1639,7,2327,525,2718,333
Muara Enim,16468,529,633,550,251,172,170,313,871,320,276,400,671,251,255,521,387,70,37,243,1773,1474,23,3763,437,1728,349
Lahat,18253,515,699,546,419,248,228,337,1154,411,175,424,854,252,288,181,73,156,79,211,1752,1582,34,5350,203,1428,653
Musi Rawas,15961,525,633,315,292,280,216,518,555,247,193,645,813,155,69,344,188,229,323,509,1640,1509,2,2868,280,2324,289
Musi Banyuasin,17208,680,784,539,340,264,305,625,591,457,440,538,612,316,161,254,387,231,188,368,2225,1614,12,2871,405,1755,245
Banyu Asin,17421,724,706,669,330,290,219,618,478,484,461,483,796,282,152,380,411,121,131,129,2203,1637,30,3191,487,1772,238
Ogan Komering Ulu Selatan,14233,461,635,350,97,146,264,365,1244,146,190,431,672,259,197,222,128,78,75,672,1728,1309,24,1728,111,2275,425
Ogan Komering Ulu Timur,13828,414,509,180,167,90,119,567,608,178,161,493,614,135,154,448,155,136,200,99,2121,1670,12,1274,170,2799,356
Ogan Ilir,12340,361,366,424,211,198,51,260,435,402,439,325,484,181,183,265,213,32,48,125,1658,1160,28,2959,302,830,398
Empat Lawang,14223,319,404,436,226,176,303,260,1014,232,247,344,856,221,235,46,17,147,80,607,1243,1188,33,2891,169,1858,672
Penukal Abab Lematang Ilir,12480,416,497,537,155,172,96,236,559,248,254,205,633,102,74,254,239,61,72,331,1461,1059,-,2998,361,1225,236
Musi Rawas Utara,15260,476,423,359,170,206,176,238,405,195,302,300,620,140,159,184,150,109,141,793,1889,1289,27,4135,420,1701,254
Kota Palembang,14707,585,610,272,389,226,161,259,581,446,358,142,321,267,198,803,602,24,12,114,1728,1470,108,3325,234,1052,419
Kota Prabumulih,12588,578,492,235,178,153,77,196,484,353,199,221,313,236,95,411,286,26,44,46,1591,1576,52,3234,181,1182,148
Kota Pagar Alam,14744,201,366,532,315,207,403,190,906,296,124,329,577,287,330,116,54,98,61,120,1377,1578,12,4002,205,1371,685
Kota Lubuklinggau,14326,542,537,387,319,165,220,309,616,323,229,335,553,214,218,247,219,74,129,445,1452,1214,26,3199,128,1977,250
Bengkulu Selatan,16806,360,512,266,259,122,128,494,516,245,277,522,790,61,112,284,32,334,164,400,1293,977,56,6085,127,1541,848
Rejang Lebong,19601,375,582,394,240,270,422,232,590,212,182,449,870,242,293,41,38,77,63,975,1607,1470,30,6073,421,2943,508
Bengkulu Utara,21360,641,726,432,342,254,296,651,417,434,391,615,1081,227,206,387,54,230,199,393,2155,1668,9,6301,211,2661,378
Kaur,15892,262,563,312,138,136,151,629,631,142,321,366,823,41,81,94,8,264,232,279,1471,937,27,6115,44,1423,402
Seluma,17363,471,708,387,187,129,119,577,371,220,176,441,1081,110,79,217,17,261,166,389,1558,1119,2,6271,89,1525,691
Mukomuko,23996,730,944,513,220,154,309,676,526,498,292,499,1402,185,225,185,78,200,191,501,2672,1316,12,7994,405,2879,392
Lebong,20610,232,497,319,92,278,301,497,905,243,319,306,1021,179,86,36,2,97,75,947,1773,1449,27,7460,497,2133,837
Kepahiang,18705,334,569,376,265,278,472,264,913,240,178,444,897,225,210,59,12,55,93,737,1433,1316,7,4659,247,3487,937
Bengkulu Tengah,21567,636,739,484,292,221,260,470,519,326,365,444,1213,173,118,246,56,197,230,821,1922,1570,9,7295,269,2149,545
Kota Bengkulu,18380,621,772,250,318,241,137,304,411,331,360,241,673,212,175,244,80,93,55,554,1906,1407,45,6760,261,1334,597
Lampung Barat,15761,472,520,390,154,173,477,445,1391,251,249,544,547,304,397,190,118,212,158,456,2028,1643,6,746,261,3231,400
Tanggamus,14336,367,519,219,153,153,343,616,782,135,237,555,516,234,228,319,215,182,264,722,1899,1484,50,1275,98,2498,271
Lampung Selatan,15388,526,616,114,189,180,169,445,680,212,312,528,631,203,148,535,514,198,340,533,2003,1757,13,1929,226,2113,273
Lampung Timur,13395,399,561,80,78,70,118,566,354,127,264,601,745,107,138,459,216,174,370,91,1877,1601,8,897,174,3047,274
Lampung Tengah,16256,517,623,191,169,133,271,695,470,274,400,674,778,177,162,617,304,229,443,196,2047,1729,28,1476,271,3100,283
Lampung Utara,15148,429,471,157,189,111,100,550,896,201,440,503,804,149,204,444,266,143,192,326,2014,1727,42,1768,258,2451,312
Way Kanan,16976,592,581,260,193,138,302,772,796,221,343,776,1000,134,233,516,151,115,365,349,2132,1692,4,1199,74,3674,364
Tulangbawang,16189,677,717,247,188,76,163,736,582,169,233,758,968,87,221,466,382,208,456,383,2024,1677,28,1367,114,2943,318
Pesawaran,17297,473,632,151,180,117,302,627,807,216,308,616,743,264,198,527,336,213,448,409,2204,1782,9,1802,207,3028,697
Pringsewu,13921,289,590,82,85,122,199,516,610,146,246,493,606,214,176,468,207,113,423,308,1742,1738,2,1177,165,2732,472
Mesuji,17067,587,680,219,88,104,264,904,594,246,386,891,1102,139,224,467,254,121,493,201,2135,1816,4,1066,264,3480,336
Tulang Bawang Barat,16169,444,530,142,105,95,182,630,548,209,331,618,999,107,198,421,278,257,315,145,2162,1765,-,1974,397,3020,297
Pesisir Barat,19912,642,850,429,190,116,495,724,1366,165,211,636,1211,252,204,324,133,218,378,354,2257,1633,10,3554,82,3082,393
Kota Bandar Lampung,16659,586,588,128,307,294,131,326,851,321,364,199,501,355,204,902,643,42,91,225,1842,1748,114,3300,425,1809,364
Kota Metro,16262,576,786,77,312,151,209,605,494,247,412,422,682,228,266,704,354,97,335,127,1887,1780,37,2358,191,2336,590
Bangka,18470,1223,1036,127,292,803,151,525,240,509,730,670,501,367,81,50,120,170,357,0,2746,1532,24,2954,157,2830,274
Belitung,18675,781,1036,213,339,871,126,398,210,361,495,331,532,472,114,561,406,76,121,62,2750,1389,78,3320,126,3325,181
Bangka Barat,16093,902,645,207,391,657,114,375,174,263,510,484,577,444,73,79,75,101,264,15,2294,1248,34,2996,53,2908,210
Bangka Tengah,17738,709,989,160,127,614,122,634,96,262,306,809,450,265,93,12,101,138,425,43,2953,1296,23,2639,161,3923,389
Bangka Selatan,18668,754,938,228,213,353,62,553,181,315,691,612,611,272,29,57,28,115,390,24,2769,997,14,3038,103,5021,298
Belitung Timur,19429,807,1215,218,462,929,49,382,127,356,431,372,365,617,85,285,249,31,31,7,3070,1504,37,3526,102,3732,440
Kota Pangkal Pinang,22029,1235,1118,401,430,993,302,546,608,990,693,404,522,440,134,100,140,103,271,23,2779,1989,247,3282,271,3530,475
Karimun,18044,1061,795,287,258,589,234,426,645,573,265,337,390,603,288,73,98,127,167,304,2137,1478,118,3931,315,2251,296
Bintan,17378,896,748,248,308,403,107,481,561,649,335,363,475,404,103,111,167,89,160,163,2073,1563,151,3045,772,2617,383
Natuna,16284,773,942,363,426,670,123,317,273,445,505,337,367,314,110,121,13,40,67,272,2431,1700,92,1826,235,2973,552
Lingga,13583,728,659,439,143,442,77,327,111,387,678,185,213,478,10,42,15,46,107,23,2309,1440,99,1794,321,2438,69
Kepulauan Anambas,18913,854,1001,362,357,644,233,322,228,521,679,227,547,317,131,-,9,70,44,100,2292,1557,294,2540,642,4570,372
Kota Batam,19654,1020,938,348,533,424,401,495,1249,901,420,211,568,382,233,252,141,61,37,379,2066,1295,172,4171,433,1937,587
Kota Tanjung Pinang,16885,849,645,230,232,368,246,412,375,724,364,166,373,358,156,126,153,49,100,198,2073,1397,185,3873,668,2146,419
Kep. Seribu,14684,529,587,14,187,302,13,73,394,75,330,14,153,255,195,1443,1075,5,11,103,2359,944,47,2858,76,2630,10
Kota Jakarta Selatan,22204,1012,769,153,562,346,418,397,660,607,454,78,294,349,395,1973,1223,55,16,180,2753,1838,446,4053,406,2231,537
Kota Jakarta Timur,18027,871,733,138,561,334,393,442,678,522,390,118,287,338,315,1193,881,35,8,136,2171,1559,381,3023,378,1878,264
Kota Jakarta Pusat,16792,832,698,99,534,250,300,271,610,405,273,32,197,239,309,1585,1105,20,2,85,1911,1499,326,3039,281,1649,242
Kota Jakarta Barat,15070,815,585,92,506,250,292,351,489,380,282,33,214,222,226,1310,741,27,5,219,1782,1283,367,2193,188,1780,437
Kota Jakarta Utara,17589,767,641,135,514,392,400,371,790,528,327,99,341,314,411,1332,844,52,32,177,2174,1695,340,2280,341,1917,377
Bogor,13031,515,539,126,304,213,200,232,608,279,494,141,167,284,207,864,648,21,20,315,1627,1138,75,1987,211,1586,230
Sukabumi,10572,432,562,201,121,119,239,214,660,259,519,310,191,205,167,699,461,25,17,443,1318,926,42,727,63,1306,346
Cianjur,10642,391,500,411,202,144,241,294,656,379,491,263,251,232,298,405,216,26,21,417,1366,1046,38,396,99,1396,463
Bandung,8937,356,606,372,208,161,245,136,415,310,289,70,119,172,239,532,263,17,5,376,1031,937,72,310,139,1208,349
Garut,8405,353,535,412,228,103,243,133,351,383,239,195,157,133,189,506,116,17,7,355,1066,890,44,171,69,1178,333
Tasikmalaya,7713,429,524,256,135,78,198,190,301,343,259,271,93,135,126,531,133,19,1,232,1075,723,44,219,79,1104,213
Ciamis,11674,497,682,311,153,94,311,415,449,554,496,382,248,265,275,886,268,33,35,344,1364,925,63,535,202,1462,427
Kuningan,9979,424,523,216,233,155,145,192,631,381,299,166,236,264,262,642,374,25,16,97,1299,953,24,693,131,1186,411
Cirebon,9682,349,476,142,155,162,73,209,464,310,314,58,310,149,158,744,638,6,7,136,1266,1014,48,940,246,1179,128
Majalengka,10034,342,561,323,146,117,176,243,484,489,416,151,300,204,286,539,320,8,15,410,1235,1025,12,612,103,1252,266
Sumedang,10265,315,537,263,224,158,172,203,504,387,350,199,195,177,266,855,241,14,11,714,1251,883,23,364,91,1193,673
Indramayu,13249,382,661,321,88,327,59,481,642,312,458,81,243,255,287,1079,1323,32,31,204,1583,1182,43,1164,298,1602,111
Subang,10957,457,668,109,143,118,124,366,377,216,624,81,124,200,158,1001,716,30,27,543,1455,917,25,706,178,1493,101
Purwakarta,10273,391,491,173,211,146,120,316,581,300,445,161,179,231,175,660,417,2,18,382,1459,897,28,823,119,1336,215
Karawang,12681,663,752,106,179,136,82,309,471,266,685,46,219,295,169,984,965,20,20,619,1451,804,48,1315,181,1777,120
Bekasi,16110,778,678,163,413,215,203,334,552,398,303,91,247,341,267,1058,1033,29,9,786,2069,1362,105,2470,291,1802,114
Bandung Barat,9936,397,557,332,291,142,429,149,513,384,311,166,166,244,314,633,217,21,7,534,1117,942,86,324,84,1311,267
Pangandaran,14367,596,925,316,98,100,264,594,583,350,650,507,525,178,293,736,270,52,178,300,1848,1071,54,540,357,2468,515
Kota Bogor,14605,692,648,126,337,175,232,227,564,337,355,69,143,305,288,1085,801,23,6,275,1590,1239,143,2315,152,2124,357
Kota Sukabumi,11673,472,537,193,311,236,247,87,723,567,488,107,223,208,197,707,569,20,5,299,1317,1175,224,898,80,1278,506
Kota Bandung,13007,567,767,307,346,262,411,134,403,674,233,36,192,384,451,1091,619,29,16,233,1393,1273,378,845,194,1321,448
Kota Cirebon,11621,373,533,140,254,188,253,262,420,457,207,42,182,194,337,851,740,15,1,122,1231,1174,154,1683,409,1218,181
Kota Bekasi,20707,854,758,181,667,312,383,474,908,593,449,121,314,323,411,1495,1069,71,24,234,2541,2100,376,3254,395,2006,393
Kota Depok,19859,851,761,152,528,304,392,399,743,441,472,177,317,366,397,1457,1060,12,12,265,2282,1774,308,3388,268,2317,415
Kota Cimahi,13132,621,634,311,286,242,342,136,463,532,270,107,209,367,300,1047,548,50,10,239,1590,1502,285,1209,214,1266,354
Kota Tasikmalaya,9361,413,604,259,169,115,300,171,462,622,321,92,141,240,252,659,339,2,-,267,1077,791,93,581,232,851,309
Kota Banjar,11514,475,684,172,162,59,141,484,456,319,622,328,307,118,300,810,308,34,142,203,1525,958,46,501,464,1545,351
Cilacap,12159,239,631,115,90,86,237,750,328,249,193,323,534,108,302,681,169,66,265,114,1570,1301,30,732,286,2161,601
Banyumas,14857,260,791,154,219,211,481,733,220,231,138,428,451,179,259,893,209,209,415,69,1905,1660,71,1464,325,2243,639
Purbalingga,11437,234,534,182,282,162,361,586,202,211,146,473,351,139,318,529,68,61,217,96,1437,1397,35,921,304,1347,843
Banjarnegara,9474,370,307,361,232,202,356,306,116,263,100,516,143,41,172,449,48,61,53,31,1349,1284,27,469,176,1251,795
Kebumen,11765,371,548,158,189,107,292,441,300,270,185,398,422,148,213,701,122,57,236,23,1601,1376,14,610,155,1903,924
Purworejo,13354,473,346,309,164,197,187,616,271,332,133,473,509,112,233,892,285,103,250,18,2100,1916,7,1021,57,1794,555
Wonosobo,8599,273,121,513,124,254,283,206,147,246,106,347,156,56,140,229,30,77,20,19,1133,1217,7,522,310,1372,691
Magelang,10041,248,121,438,207,290,417,337,183,210,80,216,398,115,165,395,55,115,93,32,1619,1627,9,484,112,1621,452
Boyolali,11059,465,289,185,185,199,259,392,239,282,97,301,439,116,165,768,252,55,103,19,1470,1932,24,868,86,1522,345
Klaten,11511,492,358,238,228,295,313,413,269,445,107,218,428,176,106,669,240,63,190,42,1514,1799,65,848,231,1395,372
Sukoharjo,12183,527,431,179,285,208,245,482,246,416,81,141,294,250,166,885,635,65,85,6,1573,1797,107,1091,413,1453,123
Wonogiri,12967,601,279,149,187,197,518,536,182,285,152,308,558,187,176,819,118,45,117,27,1749,1963,26,601,441,2234,511
Karanganyar,12463,532,339,256,257,189,327,480,214,359,104,359,317,164,231,957,550,138,76,22,1635,1766,94,998,277,1593,230
Sragen,14650,684,536,226,271,258,246,570,539,411,134,525,493,242,152,767,547,109,218,15,1981,2037,34,1184,254,1958,256
Grobogan,12816,696,364,201,86,120,101,559,522,275,191,491,584,199,77,744,438,69,144,34,1767,1681,35,889,225,1897,424
Blora,10950,454,301,36,70,115,81,373,715,99,154,288,330,160,174,500,117,50,71,11,1744,1102,12,1285,209,1867,632
Rembang,12792,456,570,101,91,126,110,551,775,181,225,222,343,207,136,738,301,129,169,0,2116,1266,38,1588,348,1809,196
Pati,12330,477,501,234,45,140,191,441,366,274,239,237,390,302,207,485,325,138,149,93,1955,1482,42,1738,362,1260,258
Kudus,10849,325,379,241,71,258,187,306,337,344,140,118,380,160,247,502,350,85,40,26,1752,1526,54,1582,191,1113,136
Jepara,10426,317,459,130,56,85,79,379,240,168,165,281,323,89,68,531,391,94,114,61,1747,1701,11,1271,249,1169,247
Demak,11742,731,482,180,56,99,94,390,247,224,193,250,572,89,151,722,330,22,16,19,1665,1313,20,2004,289,1418,165
Semarang,13577,550,269,397,206,535,393,450,248,369,113,348,592,80,230,875,316,66,36,91,1871,2100,42,1192,131,1613,464
Temanggung,11245,323,181,637,128,422,460,407,171,259,101,437,394,71,251,322,54,70,49,109,1332,1444,12,1057,393,1745,415
Kendal,11811,522,264,309,147,283,239,433,268,260,195,352,491,89,128,915,258,80,48,20,1661,1679,49,1018,181,1569,353
Batang,11604,350,252,282,106,363,179,280,252,254,204,312,449,82,122,1066,266,153,46,74,1641,1676,13,1151,287,1442,299
Pekalongan,10566,294,346,259,91,108,79,324,466,254,253,304,336,156,96,878,423,105,14,86,1487,1318,22,1165,129,1260,313
Pemalang,11411,334,431,190,266,207,109,444,493,183,283,429,350,172,215,670,377,40,67,140,1587,1259,22,854,454,1447,388
Tegal,9979,343,378,158,147,168,64,228,312,132,232,104,271,144,128,555,458,38,30,76,1501,1041,33,1749,168,1389,131
Brebes,9696,288,425,194,99,160,160,317,260,124,286,188,378,196,183,643,474,22,58,136,1247,958,13,900,224,1567,198
Kota Magelang,12659,527,366,472,272,523,326,481,230,509,158,78,325,149,219,705,327,84,59,8,1653,1785,165,1335,320,1273,312
Kota Surakarta,13693,638,582,196,344,355,264,478,268,448,112,88,344,183,95,1222,819,38,41,33,1795,1895,204,1144,301,1506,298
Kota Salatiga,14133,713,366,319,354,685,442,403,309,529,178,172,300,204,279,854,412,46,63,7,1668,2169,228,1083,181,1329,838
Kota Semarang,16744,973,768,261,424,420,337,515,325,453,202,160,427,214,167,1290,814,73,60,18,2106,2233,291,1900,381,1445,486
Kota Pekalongan,10667,346,384,124,136,89,116,186,354,312,175,19,249,123,89,1086,774,84,4,8,1377,1280,118,1550,307,1117,259
Kota Tegal,9915,345,368,54,101,96,84,134,315,320,231,23,250,176,102,849,779,15,5,17,1277,1051,60,2034,223,932,72
Kulon Progo,10575,479,317,154,200,161,345,413,215,215,83,454,447,133,201,893,230,77,225,5,1424,1390,17,869,170,887,570
Bantul,12560,425,332,254,264,279,277,458,366,428,131,230,583,131,238,984,161,87,186,37,1914,1690,82,746,227,1466,582
Gunung Kidul,13457,631,373,188,152,204,444,623,136,288,227,444,655,130,147,772,109,51,354,10,1762,1702,22,554,627,2292,558
Sleman,13902,561,390,323,393,385,362,442,360,454,169,208,550,179,265,831,261,203,214,9,1808,1930,162,968,326,1635,513
Kota Yogyakarta,11934,540,415,266,344,407,350,375,358,506,164,62,458,190,269,731,283,55,46,27,1368,1425,169,1158,364,1166,437
Pacitan,12004,486,326,140,143,127,345,628,129,271,176,683,472,98,77,948,40,148,210,10,1743,1432,6,455,187,2339,384
Ponorogo,11697,472,271,193,125,154,322,494,379,278,121,362,586,199,162,678,110,149,133,7,1829,1287,40,344,79,2545,379
Trenggalek,11033,416,277,104,102,139,351,492,213,136,143,694,375,122,180,611,68,236,92,-,1805,1172,13,194,232,2307,557
Tulungagung,12318,546,376,63,82,225,113,498,272,136,122,478,548,138,121,1020,240,232,334,8,1986,1696,26,294,52,2499,212
Blitar,11570,390,240,77,142,223,150,541,304,103,63,391,571,145,160,685,63,200,465,19,1761,1316,12,185,15,2556,793
Kediri,12151,497,385,153,137,270,125,457,503,215,150,365,625,145,111,655,289,125,453,6,1657,1576,25,677,49,2098,404
Malang,12368,521,308,252,164,266,132,478,752,178,134,281,484,206,316,718,198,183,123,23,1883,1645,44,508,29,2175,367
Lumajang,12423,629,430,300,126,271,158,424,916,179,408,287,657,212,234,717,160,160,169,42,1713,1424,12,358,94,1695,646
Jember,11605,491,372,231,106,256,106,457,879,140,373,181,573,231,245,661,154,112,208,0,1597,1465,17,212,128,1905,504
Banyuwangi,15504,580,648,242,102,343,223,522,1057,252,250,343,598,201,299,815,81,186,288,66,1944,1641,23,840,46,2987,928
Bondowoso,10548,410,296,158,94,331,217,428,950,119,314,207,607,63,389,979,80,33,18,2,1104,1345,81,352,126,1349,497
Situbondo,8686,422,501,121,78,226,55,337,516,102,315,164,514,100,218,629,61,39,29,1,1091,1073,77,415,42,1187,371
Probolinggo,8747,276,272,232,41,85,135,206,848,130,232,245,452,114,171,465,37,41,30,10,1004,1302,27,268,28,1393,706
Pasuruan,9365,334,300,196,98,125,107,197,523,125,158,128,344,118,200,580,236,49,11,32,1395,1358,17,966,33,1307,426
Sidoarjo,14194,494,544,184,188,273,117,234,719,423,168,62,475,221,163,1040,836,66,21,11,2001,1855,162,1492,245,2093,109
Mojokerto,11243,456,373,146,83,165,82,317,811,187,87,180,385,111,108,641,498,101,133,7,1724,1530,47,646,95,2033,298
Jombang,10472,328,383,114,78,115,56,406,828,163,113,136,437,137,207,501,260,112,138,1,1523,1235,36,601,68,2118,378
Nganjuk,12153,540,407,159,103,243,127,467,770,318,121,310,586,162,207,529,211,135,186,10,1372,1324,17,722,115,2641,372
Madiun,12231,680,529,125,153,204,133,392,705,394,186,348,553,221,247,734,136,64,149,50,1402,1561,35,559,79,2343,250
Magetan,11818,476,307,254,114,355,197,362,579,412,58,317,442,207,270,558,188,108,156,21,1510,1515,27,942,214,1929,300
Ngawi,14882,705,463,191,201,288,197,543,717,411,144,531,590,274,288,873,398,107,179,36,1912,1888,38,1009,276,2410,211
Bojonegoro,11761,461,408,64,57,114,63,474,941,146,96,207,547,159,162,785,232,107,173,4,1699,1163,4,911,243,2397,144
Tuban,12014,388,453,71,50,75,85,440,813,161,127,194,533,154,210,637,165,152,285,2,1756,1262,27,1259,307,2087,322
Lamongan,11507,344,518,111,37,109,34,455,709,125,205,119,521,183,206,712,202,59,96,2,1750,1430,16,915,147,2368,134
Gresik,13313,477,488,100,86,226,94,400,873,255,222,85,393,222,189,920,595,45,23,4,1963,1729,93,1416,137,2153,124
Bangkalan,8863,390,344,83,16,66,41,253,416,105,210,86,234,121,29,554,207,58,123,10,1740,1354,32,906,55,1297,132
Sampang,8178,537,316,49,5,51,18,268,639,50,222,41,220,137,39,697,37,6,14,-,1520,1175,2,291,26,1510,305
Pamekasan,7001,402,203,74,3,90,24,250,325,109,312,21,323,128,54,631,26,7,15,-,928,1194,22,411,44,1069,336
Sumenep,12279,587,381,223,32,150,82,451,551,276,770,139,415,275,164,896,75,17,65,-,1685,1951,30,731,100,1403,827
Kota Kediri,12556,423,400,126,194,408,108,495,662,405,152,130,611,138,186,867,452,115,289,0,1402,1603,95,1209,41,1803,240
Kota Blitar,10727,392,343,102,150,386,74,384,311,235,83,185,400,145,178,805,160,218,293,5,1419,1501,69,303,37,2114,436
Kota Malang,13248,579,546,211,232,471,167,334,732,415,139,54,427,192,291,956,397,109,19,37,1872,1890,186,797,90,1818,285
Kota Probolinggo,7663,279,306,121,106,171,48,247,944,126,220,78,344,122,96,568,50,28,1,-,731,986,31,391,16,1167,487
Kota Pasuruan,11238,458,365,116,85,225,115,202,733,257,130,47,339,111,134,879,406,44,1,6,1567,1665,47,1520,34,1469,283
Kota Mojokerto,12933,407,482,158,166,324,108,339,877,477,143,39,452,170,186,871,490,97,28,-,1872,1846,144,1199,93,1846,120
Kota Madiun,13820,564,470,264,326,429,208,435,609,754,192,173,537,290,284,723,252,111,34,12,1659,1695,198,894,168,2226,312
Kota Surabaya,16478,476,544,186,355,382,242,358,1122,491,202,79,494,317,216,1320,1100,145,16,18,2025,2004,279,1608,211,1992,299
Kota Batu,12767,532,383,352,470,564,299,271,731,272,144,200,522,162,659,716,261,224,10,6,1394,1542,58,632,22,1875,463
Pandeglang,10237,188,448,48,19,109,43,312,938,81,419,223,229,119,141,679,905,37,71,483,1232,826,18,940,116,1359,255
Lebak,10484,255,600,63,43,39,30,350,653,94,636,403,181,150,138,1000,634,29,58,435,1295,857,4,751,197,1376,215
Tangerang,15031,662,686,54,257,197,148,338,693,193,493,71,280,279,216,930,710,31,54,597,2014,1234,62,2636,127,1887,181
Serang,13279,392,652,49,23,56,49,429,676,156,501,153,282,125,109,1002,897,47,65,545,1551,957,20,2338,260,1785,160
Kota Tangerang,18702,780,696,127,499,378,269,446,728,445,521,117,289,316,463,1384,1092,76,11,584,2221,1600,217,2886,277,2064,215
Kota Cilegon,15560,578,675,18,196,157,162,469,602,351,429,185,327,198,203,1000,750,35,68,84,1988,1285,100,3025,202,2182,292
Kota Serang,12717,413,502,40,75,136,72,301,681,206,422,58,248,118,153,957,837,22,14,427,1619,1004,75,2515,166,1465,193
Kota Tangerang Selatan,19428,864,751,113,525,309,352,396,492,466,454,132,297,371,285,1429,1039,27,22,415,2410,1809,331,3426,301,2216,195
Jembrana,13397,524,410,178,51,137,116,477,280,162,295,537,255,392,143,657,22,356,232,1,2399,1868,12,845,39,2205,804
Tabanan,13467,459,461,414,190,263,437,394,168,295,182,373,222,439,355,408,10,688,106,3,2664,2104,13,342,114,1942,421
Badung,16137,593,728,353,303,527,443,558,576,605,428,179,365,495,386,810,51,474,111,5,2537,1898,134,799,113,2476,192
Gianyar,14867,516,477,337,134,321,459,643,87,256,192,187,376,428,346,527,19,601,304,34,2842,2095,37,816,252,2493,89
Klungkung,15326,604,646,509,119,344,263,631,314,451,165,156,441,443,203,745,16,371,357,-,2635,2291,42,1472,451,1527,127
Bangli,15426,505,245,523,88,189,570,321,298,249,202,349,366,573,703,351,40,724,161,-,3102,2302,13,312,150,2826,266
Karangasem,10260,395,313,243,18,67,194,183,105,76,107,223,284,302,171,512,20,168,82,-,2102,1370,5,565,32,2361,363
Buleleng,12483,567,518,271,25,111,258,320,191,140,265,474,286,354,172,644,12,192,144,-,2147,1579,0,984,27,2385,419
Kota Denpasar,16174,632,749,291,326,587,528,488,611,409,468,144,379,540,439,991,123,277,50,0,2386,1843,71,1453,40,2226,122
Lombok Barat,11983,393,565,288,66,132,70,461,1219,144,398,333,449,309,170,381,53,64,186,9,1982,1343,38,427,103,1865,533
Lombok Tengah,13845,329,615,400,100,181,23,711,878,64,379,485,501,302,313,327,380,58,136,1,2385,1156,5,150,85,2502,1379
Lombok Timur,15452,417,628,583,109,157,290,586,1990,231,429,360,541,384,254,472,64,152,183,-,1964,1241,15,719,164,2980,541
Sumbawa,11981,478,429,390,84,300,52,432,1415,253,625,144,474,209,117,567,131,34,109,-,1840,1028,45,503,43,1675,607
Dompu,10938,539,610,422,33,66,7,751,1398,189,309,383,292,358,186,473,144,148,351,2,1204,628,3,390,12,1014,1026
Bima,8371,377,435,303,5,58,12,342,1365,212,334,192,201,171,136,269,106,44,161,-,936,402,30,345,10,805,1120
Sumbawa Barat,13281,435,582,418,33,130,35,605,1898,203,402,171,656,238,94,665,81,56,61,26,1906,912,49,775,79,1863,906
Lombok Utara,13504,466,664,284,48,92,46,490,1330,100,332,378,416,336,151,410,61,56,214,10,2194,1334,15,463,90,2669,854
Kota Mataram,13424,402,611,259,224,378,88,306,1316,343,386,111,408,353,165,559,109,60,60,25,1895,1304,108,1195,195,1920,643
Kota Bima,10105,393,407,364,45,149,51,386,1560,408,384,146,231,332,203,585,441,21,53,-,1054,603,89,364,21,739,1077
Sumba Barat,9957,544,536,23,121,643,152,183,494,156,23,1230,300,94,449,12,-,4,218,-,1393,1182,15,45,95,1245,800
Sumba Timur,13985,1122,1156,68,194,823,224,420,671,118,153,1714,867,87,410,61,-,56,408,-,1465,1066,4,199,33,1379,1287
Kupang,12152,411,887,44,318,364,96,271,379,66,107,1359,512,81,1097,62,-,23,873,-,1333,953,0,513,41,1095,1267
Timor Tengah Selatan,13822,670,835,76,435,469,202,71,621,202,47,2057,414,37,724,84,-,196,1133,-,1217,1066,11,198,88,1191,1778
Timor Tengah Utara,14566,945,1009,105,433,623,207,231,1147,259,379,2068,656,102,1100,65,-,50,950,-,1047,999,22,223,26,1044,874
Belu,12010,597,1142,72,253,823,190,427,895,150,235,1091,563,110,787,139,14,59,636,-,1170,1095,35,391,67,608,460
Alor,11379,911,649,26,70,126,145,261,390,97,84,1356,495,71,441,110,14,115,760,6,1112,899,1,169,18,791,2263
Lembata,9415,450,619,19,59,428,24,157,324,135,168,1137,482,13,473,87,2,0,363,-,1352,956,-,129,52,361,1625
Flores Timur,9634,391,592,87,134,320,16,261,441,121,179,1443,517,71,428,64,5,13,367,-,1294,955,0,145,31,375,1385
Sikka,9252,454,445,54,395,661,87,143,371,140,33,1298,348,50,446,65,2,16,144,15,1147,958,9,131,1,929,910
Ende,12824,659,636,132,501,565,246,465,912,268,158,1214,659,56,714,60,7,96,193,-,1582,1306,12,343,23,1478,538
Ngada,15919,926,599,256,500,458,249,320,468,443,230,2102,831,151,1135,5,-,105,109,3,1631,1485,12,555,126,1825,1393
Manggarai,13287,880,454,76,440,379,306,383,203,150,123,2919,344,101,1684,18,2,82,246,-,1496,1076,3,88,45,841,949
Rote Ndao,10804,555,1998,95,195,1006,264,315,198,89,74,460,639,-,123,3,-,6,619,4,931,710,-,252,0,811,1455
Manggarai Barat,10412,603,455,173,362,269,83,234,494,211,90,1925,343,64,865,27,-,47,648,16,1274,819,17,200,25,364,805
Sumba Tengah,11498,669,490,3,191,330,112,258,294,115,36,1230,624,37,1081,10,1,35,522,-,1170,1037,5,60,68,1632,1488
Sumba Barat Daya,8970,541,460,26,107,250,42,252,245,25,35,1433,431,49,550,13,-,1,143,-,1140,959,-,101,61,1229,875
Nagekeo,9668,528,340,10,140,103,33,99,278,91,25,1976,530,69,597,3,29,35,102,4,1027,948,3,100,103,1136,1360
Manggarai Timur,8865,512,273,67,94,153,183,302,63,31,61,2280,199,20,1028,17,-,142,311,-,1272,959,-,66,6,420,404
Sabu Raijua,15543,1104,2547,158,628,761,138,696,353,117,108,991,371,120,107,-,-,49,888,-,1760,1248,12,242,269,1662,1216
Malaka,11763,950,1198,102,551,515,102,338,708,116,91,1279,753,78,346,13,9,109,744,-,1221,1100,2,162,71,644,560
Kota Kupang,15684,1052,1772,164,398,1120,326,237,1156,471,229,873,377,208,584,495,35,46,522,5,1360,1228,38,237,5,1541,1208
Sambas,9006,265,420,232,270,637,36,304,124,181,713,285,148,310,130,58,11,48,42,29,1245,1073,59,650,120,865,751
Bengkayang,12608,617,893,180,260,611,312,365,217,248,692,961,349,297,267,219,17,76,164,35,1601,1436,29,156,20,1927,658
Landak,15573,644,1124,139,69,627,179,626,68,216,783,1477,820,270,322,7,5,166,83,190,1969,1835,64,136,33,1783,1937
Mempawah,10113,532,830,248,72,813,62,304,163,191,507,576,267,408,172,103,63,110,99,48,1313,1169,30,187,43,1252,550
Sanggau,13658,578,1036,184,75,590,85,661,175,271,1051,1101,762,194,387,105,67,111,58,79,1608,1498,65,366,95,1725,731
Ketapang,14987,502,1168,355,80,745,150,624,340,367,901,568,494,217,499,200,57,246,158,212,1733,1530,31,809,45,2571,384
Sintang,17409,711,899,225,104,561,189,1032,203,386,1156,910,729,233,438,51,73,297,78,249,2307,1997,58,643,332,2203,1343
Kapuas Hulu,14818,726,1006,309,72,514,63,881,74,314,1495,975,470,149,529,243,131,162,72,44,1687,1477,26,369,69,1790,1170
Sekadau,16232,584,856,255,113,908,33,833,192,365,1636,1046,1017,280,463,44,19,230,79,199,1883,1789,126,206,153,2205,720
Melawi,14655,505,670,182,47,390,151,830,129,294,1054,868,833,216,333,140,37,108,58,108,1719,1529,37,104,45,3594,676
Kayong Utara,12184,484,983,278,92,754,33,333,47,176,619,798,374,163,222,119,25,105,41,25,1561,1349,14,255,8,2642,685
Kubu Raya,10171,508,806,208,137,596,55,376,154,234,438,597,318,242,117,43,69,81,38,21,1437,1350,51,356,49,1546,348
Kota Pontianak,12986,812,882,293,160,977,331,409,461,656,492,279,280,559,184,210,224,74,40,13,1415,1401,196,351,95,1614,580
Kota Singkawang,11458,557,868,154,455,876,148,500,216,343,646,292,297,498,171,388,54,54,27,12,1174,1218,50,215,166,1351,727
Kotawaringin Barat,20001,783,1012,331,169,472,310,691,710,596,787,771,994,177,363,960,229,168,188,150,2509,2303,61,471,200,4310,288
Kotawaringin Timur,16969,604,983,442,166,321,218,602,634,353,809,616,1099,217,214,763,80,255,144,99,2389,1908,65,264,56,3108,562
Kapuas,10497,495,578,200,21,106,125,641,311,159,444,556,686,115,287,328,39,113,51,9,1791,1316,13,228,152,1024,708
Barito Selatan,11842,636,758,221,13,114,149,602,381,264,365,379,1016,62,376,548,114,78,32,12,2082,1466,32,365,218,1225,335
Barito Utara,12752,726,787,149,46,152,140,460,312,143,791,959,860,60,385,654,59,159,87,11,1961,1491,26,95,131,1654,454
Sukamara,17257,538,911,422,205,400,205,423,351,425,1013,893,927,122,492,725,107,155,125,169,2261,2137,27,637,148,3072,368
Lamandau,22772,795,1061,621,162,525,201,650,492,794,982,1242,852,127,625,977,125,219,270,92,2944,2789,79,739,139,4420,850
Seruyan,17060,606,870,416,26,203,97,760,999,355,1077,647,968,111,364,668,72,143,42,61,2819,2026,18,368,65,3045,236
Katingan,17221,659,732,355,45,205,123,865,351,253,1073,705,1218,68,538,781,253,204,95,25,2748,2216,35,253,222,2745,451
Pulang Pisau,16504,583,684,253,111,222,206,917,347,128,545,768,1239,144,198,855,52,329,217,47,2412,2158,33,400,33,2936,687
Gunung Mas,17121,490,587,108,14,203,74,988,194,107,1272,1161,1105,68,447,1447,403,307,70,4,2199,2018,2,194,56,2369,1231
Barito Timur,12321,607,733,209,38,164,168,513,387,265,202,939,980,85,167,673,88,114,80,8,2047,1491,65,204,105,1320,669
Murung Raya,14351,909,885,174,17,191,58,734,414,129,1116,990,1044,150,215,601,114,211,42,34,1863,1445,7,112,68,2429,398
Kota Palangka Raya,13894,592,700,325,77,291,234,473,657,509,540,251,781,151,354,1047,210,135,92,79,1798,1654,169,520,197,1619,438
Tanah Laut,12425,653,513,151,27,266,403,548,635,148,375,308,914,110,241,889,81,134,187,25,2076,1355,14,225,170,1617,359
Kota Baru,12761,560,653,334,40,281,188,421,471,322,424,435,763,38,327,597,144,55,192,60,2386,1776,24,173,50,1744,305
Banjar,9310,527,442,194,7,101,114,459,397,134,382,293,758,66,282,569,67,29,97,3,1761,1013,22,280,220,854,239
Barito Kuala,10375,500,440,330,21,130,210,448,421,204,352,494,637,99,367,345,87,109,81,11,1818,1052,6,271,298,1025,619
Tapin,11698,528,519,204,28,99,211,515,397,304,377,247,604,89,358,728,89,111,139,13,2410,1571,62,400,266,1297,134
Hulu Sungai Selatan,9074,423,369,166,13,65,206,423,341,129,226,145,506,28,414,321,91,96,71,7,1937,1096,11,475,382,935,198
Hulu Sungai Tengah,9176,422,316,155,33,113,273,465,403,126,322,339,506,62,314,415,115,50,126,31,1782,874,35,269,141,901,588
Hulu Sungai Utara,8734,392,297,327,36,70,180,394,387,160,249,139,463,37,387,476,81,430,22,0,1655,869,19,372,353,754,183
Tabalong,11717,568,488,264,37,140,232,570,590,320,272,290,729,59,285,738,119,86,178,46,2012,1409,25,323,186,1366,382
Tanah Bumbu,14578,573,707,246,95,243,233,665,598,266,556,444,769,102,223,905,164,157,194,189,2249,1852,68,348,113,2323,295
Balangan,10172,596,295,163,1,135,291,508,587,96,230,278,625,34,359,641,139,46,112,15,1837,953,9,170,131,867,1055
Kota Banjarmasin,9428,434,372,190,42,116,243,268,387,173,352,64,523,114,292,1093,368,29,22,6,1298,1046,54,636,291,902,112
Kota Banjar Baru,12914,861,536,245,91,379,315,442,479,488,395,193,704,133,267,1149,157,56,79,19,1691,1469,123,661,346,1409,227
Paser,15278,1037,1014,322,111,455,326,679,517,310,305,542,607,104,351,1234,327,289,221,57,2105,1727,31,557,66,1808,175
Kutai Barat,13171,705,895,194,22,311,335,431,379,288,735,676,613,91,553,693,116,152,103,0,2220,1468,61,229,27,1640,234
Kutai Kartanegara,15578,758,924,272,95,341,324,501,852,361,552,372,713,119,330,1063,423,261,103,122,2426,1643,78,581,71,2183,110
Kutai Timur,16835,922,1168,320,158,579,213,510,740,297,539,443,830,98,319,649,210,186,202,67,2598,2009,89,306,45,3023,315
Berau,17595,1035,1198,349,261,649,255,460,925,445,519,395,698,137,298,181,46,118,177,46,2683,2057,203,885,125,2803,646
Penajam Paser Utara,14557,497,914,98,94,483,252,484,1193,198,283,434,677,70,288,1164,474,108,227,1,2096,1731,7,231,37,2324,193
Mahakam Ulu,22812,1165,1232,299,62,682,423,684,391,744,1789,1153,1235,59,790,226,70,60,110,21,4179,3649,42,332,43,3245,128
Kota Balikpapan,16177,688,941,180,219,478,325,369,1339,559,328,239,583,187,378,1601,781,239,84,11,1885,1721,138,397,52,2166,289
Kota Samarinda,14713,822,812,240,155,476,312,362,1063,621,333,191,546,148,410,1158,346,62,49,28,1924,1748,192,446,131,1909,229
Kota Bontang,15992,768,830,292,89,478,261,315,1850,665,467,223,631,128,410,786,317,83,94,22,2080,1745,156,601,79,2148,476
Malinau,20385,1307,1460,191,280,580,160,595,686,421,491,1747,478,104,847,70,9,88,234,32,2924,2637,75,282,68,3820,798
Bulungan,18310,1143,1125,286,68,633,213,455,492,518,428,1281,576,255,398,182,67,90,142,2,2784,2331,128,407,47,3604,653
Tana Tidung,18857,1160,1296,300,68,698,213,456,835,479,540,1251,824,230,664,545,109,63,249,15,2745,2376,131,384,36,2907,281
Nunukan,14504,1175,1166,301,28,616,70,357,1102,270,474,482,886,33,637,112,27,75,124,29,2308,1636,41,372,39,1583,563
Kota Tarakan,13806,1054,999,226,134,559,197,356,896,490,164,249,459,222,295,331,28,43,90,30,2021,1819,136,479,124,2048,358
Bolaang Mongondow,12853,376,934,207,205,34,60,288,1675,289,73,361,625,91,147,36,-,68,15,-,1814,1086,10,220,8,2770,1461
Minahasa,14141,160,946,211,409,73,184,170,772,560,156,352,468,136,341,278,-,76,112,-,1901,1550,11,14,46,2562,2653
Kepulauan Sangihe,12335,98,1001,243,116,87,36,157,1954,227,147,439,342,24,288,101,2,68,22,-,2238,1380,8,132,-,2017,1209
Kepulauan Talaud,14806,128,1564,172,86,1,61,229,233,133,264,345,1200,58,66,267,12,61,111,-,3499,2621,-,45,8,2855,789
Minahasa Selatan,13113,63,850,135,273,56,91,115,1613,504,103,244,385,61,183,33,-,2,59,-,1671,1414,-,19,5,2346,2889
Minahasa Utara,13594,164,996,173,292,55,74,187,1059,384,186,282,473,122,199,387,27,20,92,-,2582,1649,-,346,1,2753,1095
Bolaang Mongondow Utara,9454,192,1412,149,41,36,21,273,176,94,36,596,675,26,68,211,2,16,75,-,1896,828,14,41,16,1977,584
Siau Tagulandang Biaro,13573,139,1066,280,178,114,52,166,2575,273,160,228,666,41,236,388,65,16,30,-,2168,1041,1,107,33,2688,863
Minahasa Tenggara,12539,72,812,101,146,47,27,95,1170,218,98,75,417,88,101,127,48,1,41,-,2750,1418,5,103,18,2546,2012
Bolaang Mongondow Selatan,10309,172,1041,116,30,34,44,192,1582,98,92,55,415,29,7,105,3,-,49,-,1857,788,1,66,2,3005,527
Bolaang Mongondow Timur,12663,264,1222,188,234,54,111,218,1325,171,50,258,538,142,217,78,4,48,20,-,2466,996,40,15,28,3105,869
Kota Manado,14731,220,1351,258,504,188,138,129,609,614,185,246,544,186,166,648,40,38,30,2,2984,1942,15,352,31,2925,386
Kota Bitung,13800,184,1308,356,389,64,105,207,491,259,315,258,469,207,264,461,81,51,30,-,2622,1681,25,270,5,3091,607
Kota Tomohon,15396,188,1161,223,680,195,245,172,507,580,191,167,474,250,304,444,13,44,47,-,2335,1665,24,208,12,3065,2203
Kota Kotamobagu,12362,435,932,141,158,36,78,349,1315,248,54,96,594,176,226,94,12,30,1,15,2037,817,5,87,10,2650,1766
Banggai Kepulauan,9432,296,760,107,18,22,39,390,420,161,319,443,521,42,108,46,-,26,320,-,2091,1142,0,263,6,1625,267
Banggai,12394,480,820,163,144,125,109,422,671,275,211,332,721,258,264,419,85,168,328,8,2126,1306,53,537,20,1634,714
Morowali,16887,905,1377,344,140,120,138,642,993,282,429,557,639,150,321,264,249,140,167,39,3223,1662,23,767,3,3168,145
Poso,13934,561,844,265,119,309,236,304,1444,286,139,826,606,119,428,119,49,100,80,29,2454,1908,0,129,30,2255,296
Donggala,9819,426,593,205,58,91,71,363,525,168,272,244,551,44,367,81,9,211,155,2,1534,699,12,566,126,1512,933
Toli-Toli,8417,501,595,100,45,117,34,198,526,76,122,179,340,52,217,283,99,97,141,3,1624,843,-,462,28,1340,394
Buol,9203,583,937,135,49,112,43,334,183,113,178,144,415,59,190,191,30,68,122,9,1941,1035,15,74,10,2097,135
Parigi Moutong,9926,507,761,268,72,147,123,279,558,208,135,221,475,82,204,116,92,184,149,20,1531,1010,11,463,6,1904,400
Tojo Una-Una,9856,558,799,155,25,148,121,421,1602,79,127,382,461,45,95,71,41,17,97,24,1722,816,2,117,57,1656,219
Sigi,13476,589,1049,195,99,306,181,457,476,112,204,541,593,69,558,291,62,318,124,15,1886,1164,17,677,256,2397,838
Banggai Laut,12570,815,966,92,41,48,14,540,690,77,605,319,761,51,92,14,2,42,467,-,2590,1745,1,748,16,1769,66
Morowali Utara,15182,744,1266,322,138,297,161,759,862,291,285,836,738,73,425,117,37,93,181,94,2521,1971,67,414,42,2120,328
Kota Palu,11940,686,813,243,116,264,153,266,295,408,202,97,347,166,349,268,51,101,31,-,2010,1462,68,957,55,2033,498
Kepulauan Selayar,9072,364,479,346,16,37,3,229,332,212,411,95,812,99,298,34,-,128,159,0,1309,817,5,658,1,672,1556
Bulukumba,8287,365,608,293,91,107,117,304,368,323,162,290,419,56,428,195,36,170,164,226,976,726,3,404,34,686,737
Bantaeng,10075,398,665,504,189,119,597,241,529,254,122,772,436,57,298,124,9,173,71,16,901,750,10,205,31,811,1793
Jeneponto,7417,388,637,317,167,121,221,326,533,189,57,191,499,64,201,189,57,66,32,-,768,679,-,131,48,563,973
Takalar,6980,386,670,219,73,152,12,461,295,167,264,166,368,120,376,293,18,62,27,-,786,670,-,136,3,619,637
Gowa,9508,405,824,424,209,287,194,534,395,323,240,449,358,139,465,212,22,149,76,8,1121,946,29,395,15,699,588
Sinjai,8669,245,531,201,90,71,292,408,328,305,158,304,380,13,727,152,1,137,101,5,988,790,2,852,37,663,887
Maros,7990,525,606,274,170,210,68,475,468,237,178,77,265,115,450,402,21,101,67,11,1033,806,6,210,7,687,522
Pangkajene dan Kepulauan,8537,531,660,356,127,163,41,491,687,314,182,47,396,77,305,460,75,60,103,1,1079,735,7,245,22,764,610
Barru,7982,772,422,253,47,65,39,510,473,166,117,52,341,27,502,166,16,49,166,-,1221,762,8,270,31,934,573
Bone,5870,440,356,170,40,59,11,238,389,143,102,36,342,13,319,162,12,47,78,8,895,615,7,308,11,576,494
Soppeng,8073,407,298,243,8,42,56,268,617,215,122,25,440,22,465,33,-,82,124,-,1122,666,22,494,43,842,1416
Wajo,7939,399,407,135,19,18,21,250,601,112,174,49,473,17,475,401,80,21,36,-,1150,591,14,874,7,871,741
Sidenreng Rappang,9911,378,665,114,22,48,27,339,1282,177,74,89,424,16,445,450,523,31,74,-,1520,759,39,852,17,1153,393
Pinrang,7689,392,598,308,24,97,38,291,452,147,121,248,337,17,328,264,195,21,87,4,1046,664,19,471,33,736,753
Enrekang,9318,736,622,264,44,174,131,279,1153,397,69,222,319,17,454,158,37,28,48,-,1001,764,71,233,14,740,1341
Luwu,8921,633,694,239,23,61,17,276,692,222,72,396,714,47,361,44,5,21,108,-,1301,913,19,92,40,1392,540
Tana Toraja,11022,377,938,79,119,367,139,532,1218,206,105,1516,220,24,536,6,-,36,238,-,1160,950,10,179,24,1253,791
Luwu Utara,10207,640,709,437,57,129,37,387,895,115,166,607,816,73,352,65,9,70,162,94,1274,917,-,61,16,1715,402
Luwu Timur,10277,556,776,384,67,146,148,376,886,215,113,376,518,94,264,76,14,51,125,82,1564,1140,59,133,32,1638,442
Toraja Utara,10788,265,648,54,130,525,98,227,980,277,61,1369,181,94,853,15,3,33,257,-,946,711,11,139,108,1940,862
Kota Makasar,13406,812,1133,373,311,540,187,481,677,736,264,122,408,273,617,567,172,144,19,18,1409,1199,79,639,30,1736,459
Kota Parepare,8305,304,544,121,144,136,77,220,1022,310,124,82,239,78,324,479,281,27,40,3,970,673,37,619,18,956,477
Kota Palopo,9393,524,622,314,105,184,100,316,1374,264,136,326,542,186,384,109,82,66,32,-,959,805,21,131,8,1354,448
Buton,10180,522,748,255,41,89,163,342,1595,55,91,227,651,41,429,6,2,103,300,2,1704,962,4,115,23,864,847
Muna,5778,351,417,51,1,8,5,227,392,37,49,40,412,13,427,30,32,11,193,-,799,445,4,89,3,359,1383
Konawe,9295,728,785,285,48,208,64,627,567,181,157,494,762,95,152,141,32,55,294,22,1307,914,1,24,9,970,370
Kolaka,11281,831,831,326,28,296,44,531,825,174,282,407,624,149,350,167,31,155,301,51,1656,1143,-,416,8,1405,248
Konawe Selatan,10067,703,759,245,51,326,88,774,434,205,223,567,930,154,254,17,8,116,333,15,1378,788,-,206,24,1024,441
Bombana,7530,462,537,283,23,85,22,258,433,233,145,205,785,36,322,25,40,59,175,35,1140,756,16,285,14,795,360
Wakatobi,10448,421,969,241,32,107,24,298,620,135,857,281,547,54,208,54,7,13,374,-,1477,1073,14,188,9,472,1973
Kolaka Utara,7789,586,530,385,14,30,33,377,237,107,183,175,608,14,427,1,1,30,230,18,932,609,0,159,43,995,1066
Buton Utara,7583,534,547,55,7,9,29,360,590,26,189,220,776,18,422,72,33,34,203,4,1149,786,4,143,10,523,840
Konawe Utara,10342,804,921,290,36,96,30,613,459,239,181,669,687,99,240,1,4,116,328,66,1605,988,6,138,2,1158,564
Kolaka Timur,9698,567,683,306,26,114,29,478,234,168,153,525,683,56,220,-,-,57,396,71,1762,1016,7,123,24,1108,894
Konawe Kepulauan,8239,630,701,265,11,41,15,509,105,103,175,378,782,17,204,16,3,132,627,12,1119,549,1,71,15,775,984
Muna Barat,7658,516,679,133,10,17,15,347,377,33,166,173,516,69,434,9,2,84,244,-,968,858,-,115,16,693,1184
Buton Tengah,6202,228,560,116,3,53,50,180,605,56,135,22,475,32,491,236,32,16,252,-,1045,509,3,73,15,300,715
Buton Selatan,8768,587,947,110,24,113,303,323,672,45,102,167,682,5,146,87,-,53,712,2,1335,777,7,55,14,341,1159
Kota Kendari,12569,960,1027,306,144,329,165,618,403,618,361,294,640,284,471,96,45,120,335,60,1375,1065,80,340,54,1301,1075
Kota Baubau,7938,465,754,133,65,129,78,159,404,275,167,42,506,55,371,221,32,49,257,16,985,659,17,136,13,661,1288
Boalemo,11872,190,1077,123,75,70,9,463,1806,88,122,138,829,43,29,315,19,19,234,-,2051,1205,12,117,16,2666,154
Gorontalo,10417,171,994,119,45,72,1,279,1636,112,172,42,883,72,53,220,24,14,44,-,1827,874,25,15,9,2611,104
Pohuwato,9733,181,986,221,45,27,10,163,1418,118,101,67,743,20,57,213,29,6,109,-,1904,744,-,50,-,2373,148
Bone Bolango,11466,295,1018,85,41,37,3,326,2125,153,157,24,631,46,18,277,52,6,45,-,2102,1004,6,156,6,2775,78
Gorontalo Utara,10700,150,1036,93,29,42,-,227,2097,29,112,110,625,7,26,177,16,13,144,-,2015,813,-,26,-,2446,467
Kota Gorontalo,13035,215,1257,62,79,125,22,226,2074,215,211,13,713,63,36,460,17,4,44,-,2486,1209,15,345,6,2985,154
Majene,8102,501,291,139,167,83,13,119,857,237,92,11,229,24,305,379,103,16,38,-,1463,692,15,1378,8,572,370
Polewali Mandar,7928,364,426,138,19,71,39,230,411,107,57,193,321,34,198,254,201,73,134,-,1395,692,18,1306,0,918,327
Mamasa,7189,295,383,118,144,168,42,232,333,67,75,1655,100,19,678,27,-,19,64,-,834,733,5,105,2,621,469
Mamuju,9206,576,636,242,46,181,25,306,305,247,218,382,328,61,261,171,177,96,170,21,1512,848,22,982,17,1059,318
Mamuju Utara,11720,613,726,384,59,171,141,365,889,211,194,264,479,83,232,216,60,127,161,19,1899,1040,1,1046,42,1849,450
Mamuju Tengah,10857,702,691,264,52,197,45,401,348,250,162,286,468,44,225,126,6,61,159,52,2065,1301,6,920,21,1549,455
Maluku Tenggara Barat,13164,442,1284,39,63,301,53,272,327,70,729,1138,945,33,90,174,18,24,785,-,1915,1853,31,424,47,1335,773
Maluku Tenggara,14169,592,753,70,27,171,56,338,538,101,633,1865,497,81,238,325,0,76,692,-,1657,1514,9,198,28,1800,1909
Maluku Tengah,14795,755,1348,125,147,356,182,421,446,126,297,854,893,106,312,245,34,127,528,4,2300,2112,16,751,54,1256,1002
Buru,14228,650,1491,90,61,284,453,412,977,127,177,527,722,75,104,324,12,124,187,93,2482,1837,20,900,44,1722,333
Kepulauan Aru,12976,1050,1948,29,51,280,41,496,263,52,172,1051,266,9,199,144,8,25,392,-,2095,1840,21,235,96,1326,887
Seram Bagian Barat,11563,445,1408,35,76,233,108,329,473,31,215,1032,645,34,371,118,3,20,328,4,1770,1560,26,559,19,755,966
Seram Bagian Timur,11231,745,1144,71,52,114,135,320,338,101,200,394,796,7,77,4,-,56,602,-,1853,1614,2,457,20,1749,380
Maluku Barat Daya,17725,1050,1982,74,162,424,150,401,227,202,536,2517,628,122,201,143,7,109,826,35,1772,1799,18,480,123,1013,2723
Buru Selatan,10423,476,945,35,13,134,61,342,336,81,126,1435,594,18,111,35,11,100,192,-,1651,1383,13,631,27,876,798
Kota Ambon,15955,667,1432,189,320,735,293,465,805,487,258,706,503,211,446,413,52,47,267,-,2047,1797,86,966,28,1517,1217
Kota Tual,13739,963,1168,84,74,247,104,206,620,135,588,874,856,83,295,375,28,65,591,7,1562,1436,57,142,74,1958,1146
Halmahera Barat,14445,279,1235,137,25,68,32,147,565,135,221,1387,570,21,32,61,-,80,383,-,2433,2307,6,1315,95,2057,854
Halmahera Tengah,17098,967,1538,166,96,360,99,439,1511,199,604,626,1193,83,96,233,6,194,312,-,2291,1906,8,1330,155,2222,466
Kepulauan Sula,12061,522,1474,64,69,115,42,432,1438,34,185,521,880,-,39,49,25,85,125,-,1984,1669,2,1100,6,1050,152
Halmahera Selatan,14954,254,1219,30,40,128,46,244,1685,60,189,543,1106,13,141,38,13,65,312,-,2644,2056,5,1292,33,2014,786
Halmahera Utara,15936,375,1636,211,55,144,68,383,847,156,246,803,779,54,124,106,-,106,309,-,2942,2437,7,1671,163,1836,480
Halmahera Timur,17020,458,1742,162,96,234,343,350,1476,194,293,694,836,27,110,127,22,268,532,7,2931,2427,4,1186,97,2104,299
Pulau Morotai,17554,288,2051,166,14,92,90,425,1579,95,91,887,894,44,99,66,74,94,261,-,3000,3013,8,2365,176,1284,401
Pulau Taliabu,11080,580,1464,82,11,80,1,581,793,43,105,737,862,3,23,4,23,100,218,-,2034,1418,-,268,7,1261,384
Kota Ternate,20368,933,2108,130,228,392,204,522,2388,507,591,336,669,310,542,598,124,182,69,-,2788,1936,8,1769,47,2373,619
Kota Tidore Kepulauan,16212,574,1553,125,145,220,33,502,2605,178,366,276,727,71,257,79,19,58,132,-,2660,1892,3,993,27,1910,808
Fakfak,20522,1649,2943,130,188,776,301,654,326,472,393,1239,930,109,657,364,52,193,356,57,2459,2364,25,537,70,2513,763
Kaimana,18530,873,2349,199,122,437,139,469,656,142,346,660,723,16,190,543,74,209,301,0,2778,2498,44,508,65,2696,1493
Teluk Wondama,17049,1289,2358,128,67,421,111,403,535,88,22,1604,393,22,106,309,30,13,615,-,2222,2169,9,474,15,1818,1831
Teluk Bintuni,19855,1254,2453,107,229,360,80,606,799,291,119,1067,494,108,170,583,29,40,366,9,3379,3179,30,525,189,2477,912
Manokwari,20114,1247,1810,204,318,618,202,737,514,259,242,709,653,199,339,756,67,253,361,164,3710,3194,3,371,40,2510,632
Manokwari Selatan,27249,3372,3031,102,118,1507,930,790,290,200,217,1145,158,113,1789,-,6,245,1193,-,3370,2636,32,52,108,3031,2813
Pegunungan Arfak,16034,1710,1642,37,220,772,33,428,543,75,28,1498,110,3,483,12,-,202,598,-,2174,2150,1,3,6,1739,1566
Raja Ampat,15136,669,2203,184,69,332,85,396,181,139,236,985,711,30,103,262,24,117,467,-,2325,2140,8,457,62,2023,926
Sorong,18548,498,443,2477,2422,432,546,129,302,1313,87,507,65,66,2100,60,28,-,60,-,2463,2074,-,444,74,1323,634
Sorong Selatan,22267,1638,1996,346,413,938,548,815,861,754,190,1108,927,81,496,985,67,216,329,-,3492,2483,8,185,7,2523,860
Maybrat,18026,1966,3014,24,24,537,34,719,297,64,39,1251,84,3,147,127,50,57,208,-,1625,1480,7,59,9,1757,4443
Tambrauw,17851,1009,2097,121,82,587,197,576,625,220,185,844,575,74,147,446,78,78,199,-,2787,2444,-,346,29,2780,1326
Kota Sorong,19307,1008,1806,142,165,979,238,622,1522,536,364,487,748,171,469,806,58,53,218,-,2613,2604,60,793,21,2423,402
Jayapura,15183,991,1860,138,185,492,138,300,578,136,148,919,246,94,292,454,139,71,283,-,2126,2164,43,439,71,1827,1050
Kepulauan Yapen,19411,1471,1382,266,132,467,138,474,672,242,208,943,652,123,523,1110,152,131,238,79,2904,2439,1,546,36,2904,1179
Biak Numfor,18109,1748,2957,65,152,314,42,884,237,34,83,1678,912,49,434,339,-,285,440,-,2610,2728,-,171,45,1726,175
Sarmi,32419,2968,458,1535,2969,175,1885,219,1249,3251,221,1471,932,31,2399,153,3,3,-,-,2417,3103,52,471,28,5735,689
Keerom,20885,1152,1947,227,155,746,227,714,994,325,268,924,605,100,311,1275,245,175,354,24,3369,3061,2,326,171,2738,448
Waropen,32338,2567,189,1771,2895,534,2078,132,1260,2659,82,1509,520,48,1550,36,-,2,0,-,2558,2814,22,1334,36,7387,356
Supiori,47446,3993,650,2570,4104,718,2367,221,3239,4389,168,1717,580,32,3171,26,-,-,-,-,3914,4231,72,826,40,9290,1127
Mamberamo Raya,44009,-,2572,2574,3447,-,2662,-,-,3431,-,526,-,-,3430,-,-,-,-,-,6874,6754,-,-,1418,10322,-
Kota Jayapura,34327,2627,1201,2485,2076,1065,2192,1539,891,528,172,3457,430,20,4665,14,-,1,455,-,2673,1220,-,64,6,1528,5019
Merauke,23464,1603,2443,224,297,746,322,822,646,215,154,1291,541,284,675,1091,109,208,483,-,3233,2781,222,897,125,3067,982
Boven Digoel,18177,1113,1706,357,55,801,285,886,357,389,437,968,818,415,525,245,7,100,332,130,2521,2001,45,387,131,2187,978
Mappi,17253,1361,2093,194,109,733,110,770,898,252,239,1261,343,72,254,251,16,261,726,-,2101,1993,82,442,81,1524,1085
Asmat,13805,623,1877,147,60,484,19,505,239,87,123,2097,240,26,223,5,-,596,676,-,1664,1922,47,94,156,1425,469
Mimika,16923,1055,1899,105,233,677,236,418,554,413,148,270,416,179,605,1074,125,66,160,-,2751,2485,93,473,96,2037,355
Dogiyai,55758,3105,35,7642,4895,3464,59,76,7605,267,2246,731,6,51,2527,-,-,-,-,-,5257,4927,41,2,187,5453,7181
Deiyai,29163,2103,873,2305,2422,1833,1112,291,491,836,1277,2035,611,38,4364,-,-,6,118,-,1627,1255,-,72,86,844,4565
Nabire,15595,1795,2503,35,112,873,150,659,244,359,145,864,418,177,268,414,24,9,46,10,1956,1892,26,471,48,1645,450
Paniai,16585,1310,2335,92,330,169,141,727,173,103,265,1910,154,57,92,228,8,458,1077,3,1867,1828,15,760,27,1783,674
Intan Jaya,57450,1542,1216,3244,666,403,3504,4605,541,99,289,1571,203,76,4161,21,-,-,-,-,10039,8992,17,-,3,7970,8291
Puncak,28665,2162,1188,3044,2000,1802,812,258,756,1367,736,2192,421,28,1736,4,-,213,-,2,1553,1357,21,140,40,2437,4396
Puncak Jaya,14084,588,3869,36,-,41,-,870,109,4,96,2183,155,-,13,-,-,216,323,-,1671,1619,-,862,146,416,870
Nduga,81168,5644,3859,2615,4405,1899,1817,2137,1575,2610,1118,3282,721,213,6362,168,-,217,1128,77,10486,7713,3,126,301,10161,12531
Jayawijaya,18746,1691,2414,87,221,525,150,646,252,164,337,954,779,121,362,351,71,163,193,-,3365,2788,52,695,104,1544,718
Lanny Jaya,31895,2310,846,1838,575,2263,960,585,1278,325,605,1903,20,31,2571,71,-,-,19,-,3898,3025,54,53,50,3851,4763
Tolikara,20040,1100,678,2291,1247,1437,613,650,767,1143,276,382,57,36,1675,2,1,44,9,-,2567,2485,-,59,-,1308,1211
Mamberamo Tengah,39735,2986,1425,2896,2481,1947,988,463,2383,1241,952,667,414,436,3233,240,30,0,-,-,5502,4597,72,625,40,3354,2764
Yalimo,63021,4042,97,6735,4800,4589,2109,207,3259,934,1419,133,-,24,4751,-,-,-,-,32,9260,6301,-,-,101,6909,7319
Yahukimo,14813,1506,3710,165,84,456,53,798,495,76,115,2311,189,4,316,7,4,66,121,-,1319,1364,38,362,11,767,473
Pegunungan Bintang,22438,1283,1896,467,182,1015,443,529,1189,725,322,1048,426,169,469,549,203,187,101,13,3293,3060,28,1145,78,3510,108