Kabupaten/Kota,,,,,,,,,,,,,,,,
,Rata-rata Pengeluaran Perkapita Seminggu Menurut Kelompok Buah-Buahan Per Kabupaten/kota (Rupiah/Kapita/Minggu),,,,,,,,,,,,,,,
,BUAH-BUAHAN,"Jeruk, jeruk bali",Mangga,Apel,Rambutan,"Duku, langsat",Durian,Salak,Pisang ambon,Pisang lainnya,Pepaya,Semangka,Tomat buah,Alpokat,Jambu biji,Buah-buahan lainnya
,2023,2023,2023,2023,2023,2023,2023,2023,2023,2023,2023,2023,2023,2023,2023,2023
Simeulue,5287.59,1501.23,88.02,351.16,26.03,118.96,-,699.85,19.36,898.8,396.75,263.62,388.53,126.78,38.27,370.22
Aceh Singkil,7377.18,1817.24,173.25,512.97,57.77,862.41,52.63,1098.24,151.88,571.33,273.94,1061.05,8.49,128.52,25.65,581.79
Aceh Selatan,4589.2,1100.93,111.65,194.22,35.96,389.54,3.86,773.16,117.64,149.34,195.93,201.34,1027.09,149.77,4.42,134.34
Aceh Tenggara,5381.6,875.42,104.96,264.9,126.43,280.8,275.9,909.91,198.38,434.09,334.67,387.31,647.26,189.86,54.65,297.05
Aceh Timur,5630.94,1670.13,240.13,142.95,114.39,611.63,286.54,1097.17,68.22,248.52,298.8,461.39,30.12,76.56,46.96,237.42
Aceh Tengah,10500.46,1627.65,301.95,592.89,230.08,811.63,2906.11,1052.05,182.57,412.44,278.94,405.8,438.34,272.08,132.26,855.7
Aceh Barat,9451.44,2530.97,249.59,422.9,46.34,1415.92,78.03,1179.58,57.58,599.34,472.98,392.06,1153.19,171.49,44.46,637.02
Aceh Besar,5480.57,1691,124.52,357.21,28.35,59.84,152.9,973.98,165.06,563.46,418.31,285.37,11.78,160.45,27.45,460.9
Pidie,5716.1,1893.29,203.81,254.67,19.13,304.9,306.75,1320.74,94.79,353.79,375.12,155.57,2.21,131.65,40.07,259.62
Bireuen,7543.48,2057.89,308.78,417.52,34.8,231.46,376.67,1159.03,28.92,663.76,433.89,253.38,612.91,317.47,62.27,584.75
Aceh Utara,6295.52,1952.74,294.64,303.9,68.98,483.28,266.24,1192.3,19.44,211.14,265.82,457.84,357.15,134.39,42.98,244.7
Aceh Barat Daya,5656.33,1396.45,84.19,156.24,40.87,589.39,54.88,837.66,43.63,264.1,184.76,115.63,1495.91,134.96,4.34,253.34
Gayo Lues,8835.76,1355.19,294.8,373.09,253.3,1010.52,1555.36,1214.54,189.79,817.18,535.6,412.98,96.33,341.91,150.45,234.72
Aceh Tamiang,5965.12,1691.23,107.75,557.35,3.17,824.81,78.33,837.6,44.69,438.04,156.5,185.84,595.83,90.64,64.43,288.93
Nagan Raya,17231.33,3576.03,762.22,1098.47,354.3,2490.68,359.07,2064.69,162.86,1080.83,921.11,1197.33,1432.83,439.91,208.42,1082.58
Aceh Jaya,7321.97,1508.93,127.1,274.28,30.44,375.89,-,1211.87,71.61,758.83,386.31,461.8,1397.19,130.6,32.62,554.5
Bener Meriah,16050.01,2297.88,717.13,650.92,214.74,1127.57,5202.68,1419.31,423.85,470.08,374.19,416.66,1589.82,427.44,207.59,510.14
Pidie Jaya,6308.57,2207.43,39.85,348.51,45.67,382.4,98.41,1508.21,104.14,285.63,310.6,195.39,11.71,386,60.2,324.42
Kota Banda Aceh,10298.43,2742.29,386.05,679.98,16.39,101.37,230.02,948.26,4.75,1290.37,493.14,874.69,751.86,290.29,194.36,1294.62
Kota Sabang,9966.15,2523.75,781.94,1122.56,-,128.58,-,959.01,23.21,1390.9,1030.56,288.64,52.1,213.36,49.76,1401.77
Kota Langsa,8090.42,2250.55,395.15,618.41,50.51,723.15,470.39,682.97,40.36,549.92,215.38,427.7,516.51,211.53,65.45,872.45
Kota Lhokseumawe,7474.15,1777.71,343.79,786.59,-,330.94,266.02,1072.34,15.43,575.63,408.56,388.83,570.22,245.25,102.21,590.62
Kota Subulussalam,7786.62,1903.82,21.21,434.64,22.45,1238.85,141.82,842.95,134.26,527.11,250.73,430.92,851.8,128.55,80.66,776.86
Nias,3446.42,233.17,-,158.62,-,22.02,-,119.77,404.33,1998.53,223.94,145.11,54.33,51.6,3.51,31.48
Mandailing Natal,4462.03,919.64,181.85,291.73,42.89,369.2,19.04,1027.36,172.81,447.93,400.23,180.48,8.38,146.52,34.59,219.38
Tapanuli Selatan,5222.05,1272.27,13.02,310.1,37.29,310.64,19.86,1161.6,147.17,582.11,475.08,201.29,287.47,59.4,29.65,315.11
Tapanuli Tengah,4984.65,1040.81,53.37,216.6,-,231.51,-,679.09,192.04,762.68,232.92,95.34,946.49,83.63,11.13,439.03
Tapanuli Utara,8824.73,2191.75,88.83,658.21,44.53,158.3,217.69,851.44,349.58,1247.67,390.67,60.05,1515.81,216.31,121.92,711.98
Toba Samosir,11973.75,2897.33,77.63,819.92,36.32,265.03,1074.88,1107.72,160.74,1923.48,526.28,110.98,1874.12,309.32,151.99,638.02
Labuhan Batu,5750.68,1654.01,205.74,293.99,23.74,401.74,86.37,848.01,80.14,642.71,192.19,492.69,279.4,161.8,29.09,359.09
Asahan,6653.17,2133.32,61,423.23,9.92,340.77,100.34,586.3,16.03,885.78,380.1,452.6,539.21,156.53,30.68,537.38
Simalungun,8632.41,1924.44,77.14,366.72,86.51,128.07,1475.65,470.73,123.33,1215.47,499.84,211.51,1065.1,192.04,69.52,726.35
Dairi,7204.92,1275.36,92.54,374.47,96.94,874.62,633.92,432.88,352.88,1307.65,520.65,131.95,266.13,211.37,110.36,523.19
Karo,9156.44,1747.8,373.45,941.42,119.17,1070.15,680.74,947.96,317.27,957.44,374.93,231.97,151.5,219.27,81.64,941.75
Deli Serdang,7259.24,2088.63,180.4,485.1,28.61,551.87,232.9,508.34,72.48,1205.76,672.66,390.33,80.44,146.04,54.39,561.27
Langkat,6546.19,1829.71,188.58,466.03,16.54,811.16,230.48,658.79,87.21,679.41,356.67,368.15,22.29,209.85,83.97,537.35
Nias Selatan,1980.7,99.38,-,-,-,-,-,38.61,335.51,869.05,480.84,39.78,22.09,51.83,26.74,16.88
Humbang Hasundutan,7066.99,1752.38,14.63,455.59,56.21,163.78,10.81,704.8,200.64,1573.53,232.63,104.17,1258.4,105.04,27.84,406.52
Pakpak Bharat,7556.1,803.56,14.39,479.23,17.87,674.89,140.84,889.9,256.25,1324.65,221.55,96.67,1432.12,322.68,106.36,775.14
Samosir,10616.36,1779.69,77.29,506.73,88.73,132.9,3417.12,468.96,519.61,1850.78,525.32,63.64,263.04,280.04,141.56,500.95
Serdang Bedagai,6297.94,2034.97,72.17,446.24,16.98,330.3,74.11,492.91,27.91,635.3,213.24,365.01,687.22,100.92,44.49,756.19
Batu Bara,6094.6,1950.04,65.34,409.55,19.77,335.76,122.42,509.85,14.27,568.44,158.52,133.51,902.07,200.12,80.07,624.88
Padang Lawas Utara,5010.83,1109.44,82.84,430.02,50.55,334.56,123,1341.46,128.95,347.33,79.05,257.64,541.39,2.24,8.12,174.25
Padang Lawas,5683.53,1291.15,233.79,231.3,30.35,430.35,24.43,1289.07,136.33,492.18,259.87,320.01,303,232.33,36.38,372.99
Labuhan Batu Selatan,5638.77,1817.21,120.63,281.35,16.25,591.5,28.25,848.55,74.54,383.04,217.08,260.91,444.31,170.74,11.86,372.54
Labuhan Batu Utara,6433.78,1680.36,40.29,346.98,88.92,429.76,92.48,887.3,49.19,551.84,265.44,318.91,1066.22,144.38,47.67,424.03
Nias Utara,2335.84,280.52,10.07,126.99,22.37,2.21,2.38,42.12,306.49,804.76,533.64,105.03,43.26,13.51,16.35,26.15
Nias Barat,2171.9,207.78,-,104.8,-,-,-,20.1,117.39,1389.97,249.76,33.34,14.98,1.5,2.65,29.64
Kota Sibolga,7206.36,1327.86,47.81,472.88,3.29,248.11,10.16,407.65,271.74,1012.83,483.16,323.19,1593.86,275.04,17.07,711.71
Kota Tanjung Balai,7770.85,1319.42,195.59,606.02,13.01,546.27,129.96,714.77,67.36,1048.79,620.29,523.01,1151.15,226.48,28.28,580.47
Kota Pematang Siantar,11936.48,2686.91,357.59,1076.28,56.28,93.23,257.34,689.89,431.85,1665.54,1207.5,440.05,855.22,655,290.28,1173.53
Kota Tebing Tinggi,7832.01,2235.2,182.25,931.3,81.2,188.31,87.9,393.83,26.92,1581.03,751.71,280.16,43.36,294.28,58.11,696.46
Kota Medan,11052.07,2590.76,480.39,1146.57,48.93,654.9,71.93,662.43,132.47,1692.21,1293.4,480.42,133.58,709.7,213.87,740.53
Kota Binjai,7263.97,2467.36,166.14,610.88,23.12,515.57,33.61,332.96,36.51,1082.65,638.06,407.75,67.94,95.87,60.45,725.11
Kota Padangsidimpuan,6905.25,1158.33,64.93,682.01,22.99,419.64,13.51,729.78,128.52,926.66,591.35,267.63,774.33,562.15,54.93,508.5
Kota Gunungsitoli,2892.79,584.83,-,257.62,-,-,4.84,96.38,320.51,753.71,365.54,168.75,70.14,80.56,1.52,188.39
Kepulauan Mentawai,5353.65,874.02,78.09,289.75,55.14,-,-,278.15,504.02,2165.8,541.25,75.65,98.23,27.81,48.2,317.53
Pesisir Selatan,5025.19,1313.41,114.98,308.07,5.74,-,-,792.86,237.42,462.02,407.07,290.03,301.51,314.04,38.88,439.15
Solok,5214.32,1549.14,8.73,212.92,-,-,-,666.38,144.29,967.92,666.78,298.65,109.71,146,64.46,379.33
Sijunjung,6449.96,1877.19,109.15,239.28,13.66,20.59,-,1055.9,471.26,645.76,515.48,242.88,25.6,369.26,56.88,807.08
Tanah Datar,6319.09,2008.54,93.12,667.44,2.49,3.01,7.63,663,600.04,570.04,438.02,154.52,134.57,411.11,38.47,527.09
Padang Pariaman,4697.63,1346.98,28.5,550.7,-,5.01,8.98,415.44,352.5,499.4,440.24,251.51,251.41,170,67.54,309.42
Agam,5553.99,2045.28,45.18,272.49,2.59,-,4.05,578.2,543.98,682.29,429.45,270.92,41.04,222.6,66.46,349.45
Lima Puluh Kota,5713.53,1908.1,44.16,224.86,0.18,28.78,-,610.07,658.34,631.7,660.8,249.36,27.34,377.24,76.99,215.63
Pasaman,4010.97,1157.34,12.49,115.45,15.78,28.88,11.08,759.63,210.53,511.16,564.03,234.82,6.32,116.37,62.65,204.45
Solok Selatan,5371.14,1638.72,68.23,311.51,31.96,11.68,6.11,1076.84,241.58,510.77,325,453.03,67.96,382.97,28.45,216.32
Dharmasraya,6239.9,1706.82,171.07,586.99,-,-,6.52,734.04,341.9,712.69,623.18,335.65,21.67,283.16,53.33,662.87
Pasaman Barat,4984.78,821.84,177.91,400.21,0.17,124.1,8.01,1000.51,273.89,474.04,605.03,380.07,40.05,282.39,56.93,339.62
Kota Padang,7831,1991.19,288.72,490.41,7.67,-,20.28,411.12,500.73,1264.6,933.34,475.67,33.62,617.4,66.87,729.38
Kota Solok,9890.89,3065.76,202.68,657.12,1.58,-,-,512.28,712.69,967.98,1439.24,457.04,68.08,797.03,41.62,967.79
Kota Sawah Lunto,6859.97,2161.6,38.67,446.92,-,-,-,634.64,865.99,416.28,648.3,351.78,21.98,382.95,59.86,830.99
Kota Padang Panjang,7535.23,2505.95,107.23,425.91,-,-,-,747.27,671.19,697.19,701.17,334.67,126.18,347.65,90.38,780.44
Kota Bukittinggi,8638.01,2763.67,141.93,542.45,-,68.06,-,773.19,501.15,1014.98,723.98,519.36,43.49,443.19,78.92,1023.66
Kota Payakumbuh,8083.31,2457.03,72.61,650.88,-,35.01,-,539.26,1198.85,411.18,854.64,364.63,43.75,661.49,43.73,750.24
Kota Pariaman,6838.57,2105.17,119.46,561.99,-,1.89,6.1,492.6,515.18,921.2,535.32,241.97,60.17,369.35,96.29,811.88
Kuantan Singingi,6451.75,2485.52,333.79,209.57,19.22,-,-,1324.75,82.23,461.93,448.85,439.56,8.7,118.71,68.62,450.31
Indragiri Hulu,7435.1,2305.62,105.11,493.19,32.84,42.46,53.6,966.61,110.6,1052.81,359.35,698.75,65.51,223.04,33.97,891.64
Indragiri Hilir,5295.81,1608.54,223.34,177.22,43.76,9.39,4.63,688.91,66.65,948.81,239.03,641.91,20.22,75.15,28.17,520.07
Pelalawan,7120.79,2039.77,270.01,263.76,59.83,137.77,-,1390.45,147.7,720.54,316.51,601.37,416.52,269.87,30.07,456.62
Siak,8119.81,2567.51,186.14,410.48,30.48,106.72,53.64,1234.45,146.51,759.38,522.02,905.55,113.2,233.43,62.78,787.53
Kampar,6965.25,2140.59,145.26,556.75,38.34,135.31,-,1275.82,244.92,586.86,528.46,577.84,35.02,197.9,52.99,449.18
Rokan Hulu,7114.8,1849.6,179.65,584.77,20.08,445.16,31.66,1319.64,136.81,683.87,337.47,750.36,67.99,148.99,33.75,525
Bengkalis,7987.02,2532.85,283.77,805.92,5.12,66.51,60.59,1030.68,80.78,896.37,746.89,660.34,42.07,245.46,43.72,485.96
Rokan Hilir,5909.76,1969.85,66.18,366.45,77.2,450.93,13.23,888.18,78.42,540.65,266.12,329.76,196.46,135.13,48.18,483.01
Kepulauan Meranti,5059.59,1630.41,99.3,443.73,-,25,-,380.62,63.66,1188.75,217.62,408.82,23.73,63.47,31.95,482.53
Kota Pekanbaru,9440.08,2467.59,436.6,917.06,-,29.01,-,540.63,227.29,1220.7,1003.26,644.94,222.74,412.3,250.36,1067.6
Kota Dumai,8346.62,2284.29,321.43,473.8,-,442.67,-,760.62,241.78,1025.41,547.55,485.18,868,235.29,53.94,606.67
Kerinci,8561.54,2472.35,88.77,1176.28,9.05,4.9,-,986.5,229.06,792.83,625.31,358.1,571.61,703.61,41.42,501.75
Merangin,5132.42,1337.46,180.55,423.55,18.76,7.35,19.22,625.76,276.1,613.45,304.43,471.99,213.94,201.54,10.2,428.12
Sarolangun,5719.34,1372.23,127.02,431.11,52.33,8.24,16.66,659.65,345.18,763.6,262.58,834.98,101.17,147.54,11.04,586.01
Batang Hari,7177.31,2188.43,119.53,363.27,207.19,40.17,108.06,504.1,343.4,1125.88,385.21,865.72,195.06,121.04,25.22,585.02
Muaro Jambi,8186.23,2424.68,161.15,680.78,300.69,157.79,181.1,788.81,354.88,942.46,593,555.31,183.8,177.19,67.67,616.88
Tanjung Jabung Timur,8154.21,2832.37,406.58,498.56,129.56,189.81,40.16,577.36,337.6,1001.37,289.28,1171.54,82.27,229.22,43.08,325.45
Tanjung Jabung Barat,5637.83,1898.06,82.93,536.92,52.38,47.15,15.8,440.52,56.56,862.85,287.18,802.04,137.27,-,19.88,398.28
Tebo,5660.72,1582.65,92.44,261.76,32.24,3.4,5.31,755.23,175.03,846.12,388.05,640.34,287.59,98.56,48.42,443.59
Bungo,7700.33,2072.8,195.65,418.8,40.55,37.02,15.48,856.12,469.4,947.73,473.33,594.77,267.1,350.52,73.49,887.58
Kota Jambi,9966.54,2585.74,248.2,857.98,160.17,8.64,397.97,532.33,806.7,837.76,1181.48,578.01,448.81,580.46,25.8,716.49
Kota Sungai Penuh,6769.98,1933.63,105.89,319.7,3.04,-,112.17,179.98,134.05,1313.02,657.95,274.76,590.25,732.65,29.81,383.09
Ogan Komering Ulu,5872.46,879.72,80.21,228.71,71.73,479.32,946.33,437.37,339.73,941.91,440.37,336.27,35.57,285.09,95.32,274.8
Ogan Komering Ilir,6866.01,1596.77,400.84,382.12,199.41,137.56,122.72,516.04,392.51,1077.83,547.58,575.1,41.93,239.05,74.37,562.18
Muara Enim,4674.91,1319.64,152.83,190.91,129.28,9.83,146.83,357.59,314.45,685.35,281.38,407.15,81.12,329.3,18.88,250.38
Lahat,6708.79,1619.2,210.67,298.74,72.72,18.17,12.34,670.61,623.96,1015.32,537.75,593.69,8.75,399.71,65.61,561.54
Musi Rawas,5884.62,1391.76,101.94,275.77,64.74,122.24,617.23,363.67,345.22,719.26,455.42,616.78,26.12,457.78,51.12,275.58
Musi Banyuasin,6725.41,1660.94,214.81,444.7,455.31,236.84,226.36,517.03,322.57,786.27,320.53,895.85,29.25,147.35,39.42,428.17
Banyu Asin,6854.12,1761.73,238.87,282.34,463.2,56.23,7.82,771.32,270.75,936.37,580.08,902.73,38.75,238.21,53.18,252.57
Ogan Komering Ulu Selatan,4932.03,815.99,25.69,236.25,50.58,203.59,1130.31,395.12,281.32,615.25,424.03,260.62,51.95,243.08,42.14,156.12
Ogan Komering Ulu Timur,4323.61,715.72,135.63,219.2,77.81,74.21,342.88,497.12,233.69,696.12,379.78,233.89,51.54,167.59,93.71,404.7
Ogan Ilir,4338.93,1000.77,103.7,98.06,97.77,9.32,10.88,359.2,125.94,1051.76,528.04,388.73,71.13,184.03,18.55,291.06
Empat Lawang,4964.73,980.23,88.51,145.29,165.5,14.44,16.73,757.06,271.74,773.83,546.53,494.46,226.29,185.76,41.06,257.32
Penukal Abab Lematang Ilir,4805.55,1146.55,103.84,315.17,313.61,35.67,159.44,611.73,179.76,690.22,319.28,418.42,138.15,153.51,27.15,193.04
Musi Rawas Utara,5674.12,1188.44,181.92,221.27,248.63,81.91,47.54,610.97,282.24,658.35,348.79,890.44,24.14,417.52,17.32,454.62
Kota Palembang,7681.77,1851.9,242.44,555.74,77.08,23.88,60.31,347.1,576.1,939.72,1073.42,694.31,51.05,404.1,77.2,707.39
Kota Prabumulih,5922.89,1166.35,307.89,222.38,103.12,58.91,112.69,359.21,515.32,857.15,645.26,493.95,57.76,533.22,30.41,459.26
Kota Pagar Alam,4135.99,1332.22,42.64,146.6,57.98,-,27.2,515.59,454.89,383.75,290.45,344.95,5.65,205.85,34.3,293.93
Kota Lubuklinggau,6731.65,1295.94,159.21,459.94,13.52,14.98,25.42,454.28,866.24,613.54,612.33,506.56,17.85,976.64,84.06,631.13
Bengkulu Selatan,4392.24,858.78,21.14,241.08,101.64,-,-,432.78,191.55,680.12,392.8,532.95,55.28,204.47,57.53,622.12
Rejang Lebong,6506.75,1570.79,202.47,407.68,187.29,16.74,83.48,551.37,853.22,523.14,496.65,569.34,200.61,460.79,73.01,310.17
Bengkulu Utara,6637.22,1869.53,52.37,489.99,193.19,12.78,10.47,518.65,606.55,633.72,489.23,592.91,110.27,245.85,52.16,759.54
Kaur,4375.31,878.92,16.53,363.47,140.19,3.15,12.62,468.73,385.47,724.01,392.78,406.68,41.89,124.77,61,355.11
Seluma,5552.37,1261.13,71.33,235.17,215.66,60.31,-,972.44,317.82,676.28,323.62,590.21,259.71,208.9,92.55,267.26
Mukomuko,7094.5,1810.82,120.38,837.29,18.71,41.93,-,811.32,236.44,866.83,250.7,639.11,57.31,199.96,64.67,1139.02
Lebong,5612.78,943.29,47.75,412.63,181.77,12.2,-,428.03,837.79,227.67,345.6,552.5,472.01,344.94,82.34,724.26
Kepahiang,5394.17,1087.22,115.85,119.96,457.17,20.96,3.81,546.13,697.09,685.21,528.43,332.49,71.22,265.65,179.08,283.91
Bengkulu Tengah,5808,1244.15,116.63,289.01,346.82,34.89,-,611.24,694.56,375.46,437.92,662.07,236.46,104.5,94.15,560.15
Kota Bengkulu,8022.09,2040.82,132.34,750.9,273.61,6.26,20.43,485.44,1208.91,313.77,532.71,612.54,212.87,505.08,67.97,858.44
Lampung Barat,4933.77,795.01,110.94,152.27,195.26,53.3,82.99,568.11,547.36,831.06,242.17,107.35,59.18,549.5,105.26,534.02
Tanggamus,4137.89,812.28,86.12,173.33,91.28,41.95,117.62,457.28,228.36,823.11,300.76,329.8,44.37,376.46,116.35,138.81
Lampung Selatan,6813.94,1443.87,157.5,307.02,298.92,52.31,148.24,714.97,423.64,1196.75,559.1,504.12,175.03,264.79,103.76,463.92
Lampung Timur,5557.57,1333.12,71.04,360.69,284.1,318.9,226.79,516.79,308.87,642.62,506.76,219.7,84.84,233.61,54.08,395.66
Lampung Tengah,6059.52,1608.19,107.79,433.65,204.22,33.09,233.1,688.49,254.76,965.56,353.82,185.33,58.83,306.96,75.27,550.46
Lampung Utara,5270.1,1053.61,50.96,319.73,250.88,194.75,608.95,520.94,198.76,883.58,391.6,194.79,27.99,240.61,93.83,239.14
Way Kanan,9108.78,887.99,123.8,371.51,794.43,1046.93,2600.55,481.37,105.72,1183.36,381.63,202.1,45.25,328.4,82.76,473
Tulangbawang,4689.73,1089.79,97.66,321.18,105.25,190.12,95.43,523.35,276.87,748.17,243.15,205.92,48.21,153.84,136.54,454.25
Pesawaran,5764.75,1389.9,82.98,259.44,39.1,7.64,56.86,729.72,407.67,1216.13,510.16,124.75,127.46,338.41,48.1,426.43
Pringsewu,6380.7,1405.31,147.96,172.69,197.06,57.26,837.59,588.13,216.75,896.79,445.28,179.36,20.38,444.93,89.41,681.81
Mesuji,4887.73,1373.95,186.05,293.07,310.04,42.81,84.54,344.72,202.94,949.55,262.55,185.55,1.18,81.53,143.25,426
Tulang Bawang Barat,4276.44,960.47,49.37,146.08,62.45,34.39,16.71,422.25,190.5,832.67,208.66,383.2,67.97,360.76,47.04,493.92
Pesisir Barat,4393.41,1205.42,40.96,194.57,14.03,47.24,-,496.61,299.93,708.43,445.41,189.24,69.58,349.15,39.76,293.08
Kota Bandar Lampung,8616.2,2178.28,309.21,845.22,113.14,12.95,43.09,509.99,767.41,865.12,619.07,453.93,67.22,626.52,166.61,1038.45
Kota Metro,7998.82,2043.57,223.73,549.75,12.62,12.05,237.12,536.4,574.34,800.99,879.44,222.88,145.73,756.17,121.36,882.68
Bangka,11271.56,4127.84,104.29,691.96,478.18,51.57,19.9,257.23,1013.15,1030.31,732.93,1026.42,9.61,584.07,74.24,1069.85
Belitung,8329.71,2492.59,534.91,726.38,46.38,-,-,381.93,355.1,1130.22,594.81,748.22,22.36,152.45,112.41,1031.95
Bangka Barat,9394.93,3279.64,94.09,519.78,430.92,78.65,-,260.46,735.26,738.59,586.36,1067.17,44.89,594.66,176.72,787.74
Bangka Tengah,10047.24,3305.77,366.39,577.08,667.68,293.47,8.48,397.44,645.01,852.21,454.61,686.86,115.14,543.55,57.48,1076.06
Bangka Selatan,7398.82,2614.77,194.27,453.59,540.02,272.44,1.53,485.41,524.65,316.09,391.54,615.49,4.62,215.11,120.9,648.41
Belitung Timur,8523.18,3118.07,208.07,619.35,199.66,9.12,181.04,376.95,309.22,1216.16,333.05,665.2,19.72,139.78,33.65,1094.15
Kota Pangkal Pinang,11995.9,4021.93,411.19,1121.35,132.02,168.41,-,417.15,1265.35,777.68,822.36,802.16,76.9,705.02,82.38,1191.98
Karimun,6714.72,1709.59,548.15,307.74,-,-,7.62,685.39,355.42,1072.18,694.09,558.36,26.7,292.91,37.55,419.02
Bintan,5144.92,1248.52,356.68,467.66,18.39,8.33,-,137.58,225.19,1119.77,705.49,312.96,61.86,164.15,8.03,310.31
Natuna,6106.24,1229.85,510.07,779.79,28.19,-,16.74,285.04,322.84,1192.24,331.33,283.72,6.23,18.01,62.62,1039.58
Lingga,6383.42,2284.23,640.84,303.5,-,24.47,13.34,380.69,249.63,900.81,323.62,560.84,14.64,112.79,34.89,539.15
Kepulauan Anambas,5215.61,1135.32,385.36,825.26,35.39,-,-,148.1,365.17,875.63,440.18,83.1,10.04,188.17,63.32,660.58
Kota Batam,10624.15,2161.13,1362.33,1019.32,30.7,25.89,124.36,420.96,284.96,1703.43,744.98,985.81,202.1,384.55,65.43,1108.19
Kota Tanjung Pinang,9335.34,2391.78,892.98,1010.24,-,66.72,36.03,179.79,565.38,1229.84,905.76,527.07,48.56,492.16,38,951.03
Kep. Seribu,9269.68,2744.66,652.25,477.66,427.69,54.09,44.76,495.25,1717.15,195.51,732.93,357.05,62.75,753.39,222.89,331.66
Kota Jakarta Selatan,12097.78,2887.65,301.78,1176.96,132.76,12.57,311.74,413.85,1753.08,564.65,1543.95,557.8,162.22,682.57,158.36,1437.85
Kota Jakarta Timur,12314.59,2997.67,292.07,971.86,211,27.63,294.88,612.08,1743.23,629.35,1576.46,762.12,111.03,526.05,260.23,1298.94
Kota Jakarta Pusat,9714.08,2356.85,649.84,656.96,219.66,26.34,41.86,328.94,1677.83,407.27,1407.02,636.14,108.06,744.06,93.39,359.86
Kota Jakarta Barat,12409.24,2830.47,390.01,1187.35,251.52,40.56,424.77,325.53,1437.56,625.51,1322.87,576.07,130.37,1061.06,228.11,1577.47
Kota Jakarta Utara,12473.88,2622.13,471.87,1316.73,225.42,73.97,276.64,395.25,1655.74,822.77,1480.74,765.61,70.59,966.52,218.15,1111.75
Bogor,6417.83,1767.93,128.07,317.8,445.63,8.12,104.51,501.42,778.21,490.22,505.14,339.71,42.02,349.06,103.3,536.69
Sukabumi,8257.29,2101.31,297.74,514.45,1336.49,111.82,151.13,465.98,888.47,651.38,567.64,368.67,44.58,373.75,122.28,261.59
Cianjur,5697.97,1251.46,103.94,271.53,920.1,40.21,413.04,274.63,551.53,605.15,421.46,192.89,24.21,127.55,135.76,364.5
Bandung,6120.05,1444.88,105.1,440.03,1226.46,34.29,33.6,333.92,826.24,210.36,512.63,295.87,35.28,191.04,82.22,348.14
Garut,5279.32,1173.29,72.22,306.17,1165.59,11.62,105.92,230.09,409.08,539.97,261.04,170.64,81.22,283.61,104.93,363.93
Tasikmalaya,4985.72,1432.48,132.89,424.72,500.29,4.67,289.11,240.07,223.45,641.67,318.36,274.73,13.54,158.03,57.25,274.47
Ciamis,7067.85,1814.69,120.75,575.42,671.93,8.53,283.03,441.62,434.03,661.88,669.49,262.37,64.27,426.9,121.18,511.77
Kuningan,6644.12,1544.81,58.69,427.53,550.2,47.06,452.18,281.33,777.31,845.08,713.55,107.76,5.87,293.49,69.37,469.87
Cirebon,6202.79,1572.6,76.78,307.82,553.72,78.42,279.34,401.85,819.21,576,526.97,278.71,13.59,183.25,72.62,461.9
Majalengka,6352.91,1551.63,59.44,254.8,1224.26,23.5,351.96,277.61,552.93,458.9,460.04,243.84,13.24,167.26,161.92,551.58
Sumedang,7714.44,1832.31,53.05,349.34,1262.13,32.99,172.09,349.38,751.63,719.89,571.99,264.58,54.5,404.36,134.18,762.04
Indramayu,9202.6,2130.31,323.23,542.67,1770.33,145.25,246.31,832.57,655.17,722.19,616.36,382.65,4.7,109.06,159.74,562.05
Subang,7691.83,1789.89,168.12,659.32,1311.96,66.29,668,488.65,717.99,337.31,447.79,463.86,26.17,116.9,69.31,360.27
Purwakarta,8211.29,2043.4,83.92,582.72,1334.37,43.55,182.02,347.95,563.41,756.8,491.49,533.55,55.83,331.09,113.45,747.76
Karawang,6808.62,1819.53,297.6,416.22,1098.25,49.35,210.07,384.7,367.7,665.56,557.9,342.67,22.68,96.94,151.5,327.94
Bekasi,8760.28,2179.11,279.13,587.91,433.49,59.75,234.5,643.75,1053.06,663.66,826.53,490.11,66.23,299.23,174.2,769.61
Bandung Barat,6946.32,1669.07,114.39,363.66,1334.24,2.1,442.2,267.43,786.34,313.08,479.56,282.06,33.7,305.18,110.34,442.98
Pangandaran,7696.84,1800.08,244.01,623.59,389.03,19.69,93.9,410.56,412.57,1121.32,544.06,368.94,42.39,835.46,208.57,582.66
Kota Bogor,9762.54,2137.58,153.47,1030.02,398.66,75.39,141.64,396.49,1526.39,399.69,962.11,353.09,107,933.33,200.23,947.44
Kota Sukabumi,10470.56,2621.9,209.28,728.15,820.83,38.59,1007.43,289.78,1046.39,463.1,705.24,542.13,27.25,480.79,232.41,1257.3
Kota Bandung,11987.01,2531.13,189.61,877.94,888.19,76.45,256.27,397.55,1814.08,292.62,1192.58,673.53,124.6,985.15,174.57,1512.72
Kota Cirebon,8046.63,1917.91,53.66,588.05,453.29,21.58,228.77,363.48,1676.23,489.12,892.19,506.11,53.98,239.16,46.12,517.01
Kota Bekasi,13211.34,3407.78,263.21,967.73,222.84,11.14,526.78,626.36,1735.3,939.6,1410.34,736.5,71.48,992.47,204.72,1095.08
Kota Depok,12580.95,3263.87,232.74,949.44,123.65,29.72,121.14,724.33,1887.62,583.93,1333.95,710.87,97.7,898.68,180.36,1442.96
Kota Cimahi,9952.16,2603.54,86.62,799.69,849.91,95.16,120.59,293.85,1683.16,357.85,920.05,404.3,49.88,414.2,124.58,1148.8
Kota Tasikmalaya,9073.81,2458.44,161.54,703.51,948.71,6.55,363.09,333.48,870.83,623.2,950.18,533.7,58.6,436.55,130.15,495.29
Kota Banjar,10165.45,1978.86,49.76,509.1,944.61,16.47,178.27,603.91,639.29,1384.73,877.63,484.42,30.53,1398.51,334.32,735.04
Cilacap,5842.99,1319.03,76.44,527.9,77.29,-,201.86,347.35,446.38,703,399.67,326.48,9.86,214.54,192.71,1000.48
Banyumas,8446.59,1577.31,64.65,641.6,185.36,37.78,809.27,454.14,1122.52,1039.79,480.13,489.72,19.27,328.73,211.74,984.58
Purbalingga,5584.07,1067.06,39.48,389.11,157.25,43.22,244.48,299.73,572.83,1092.2,342.52,333.9,4.95,232.15,252.63,512.56
Banjarnegara,6686.72,1163.11,33.25,222.65,383.33,94.71,729.8,295.74,851.18,1252,229.51,419.92,6.94,175.51,146.22,682.86
Kebumen,5994.68,1513.62,19.52,462.81,146.97,42.17,15,375.31,542.09,1229.63,320.98,179.92,8.86,172.55,234.4,730.86
Purworejo,6405.61,1278.75,49.88,359.2,177.42,43.11,628.65,311.41,809.47,1121.97,511.23,189.13,19.6,212.26,147.45,546.09
Wonosobo,7468.52,1092.78,51.06,215.95,657.71,22.63,1871.2,289.38,675.66,1131.23,222.31,213.27,19.19,130.99,145.94,729.22
Magelang,6759.74,1122.75,37.38,284.77,480.35,13.96,1685.1,265.43,769.29,944.85,259.52,222.6,18.37,184.26,102.5,368.6
Boyolali,6377.69,1194.65,2.33,378.83,332.14,35.67,815.39,164.44,963.43,1001.31,474.81,134.56,17.42,301.55,107.36,453.82
Klaten,6263.14,1150.43,40.76,446.76,111.47,25.7,305.64,193.36,1107.26,1009.94,658.4,345.59,12.61,168.68,105.77,580.75
Sukoharjo,7174.58,1328.28,20.26,387.5,94.75,13.81,687.46,307.46,1437.36,636.86,906.77,315.95,1.63,426.68,97.76,512.06
Wonogiri,6344.2,1100.49,7.48,349.43,310.17,14.74,487.64,182.97,782.64,1380.83,591.37,145.05,10.8,212.32,80.07,688.19
Karanganyar,6209.47,1223.46,14.88,292.82,135.97,65.22,462.43,153.19,1514.39,620.34,478.09,239.94,18.43,316,119.54,554.78
Sragen,7488.53,1429.51,23.1,401.43,397.63,3.64,390.74,298.94,1093.39,1143.01,875.62,376.63,40.38,238.88,182,593.62
Grobogan,6082.7,1252.97,0.62,299.51,925.03,24.64,193,267.63,402.48,1392.14,382.88,375.08,11.58,83.67,109.34,362.13
Blora,5755.71,951.4,0.15,326.74,839.02,1.99,240.78,284.74,231.75,1280.46,300.44,365.31,8.43,167.96,193.68,562.86
Rembang,7199.52,1463.31,11.5,386.89,844.8,94.41,916.45,289.34,49.28,1273.69,183.92,524.88,11.72,33.91,195.28,920.14
Pati,9817.16,2127.86,64.77,557.76,1279.38,94.89,578.25,562.52,374.64,1314.16,761.46,941.08,3.78,248.63,244.32,663.67
Kudus,6509.44,1340.49,42.94,335.12,788.86,78.97,804.11,288.43,340.1,995.09,365.05,227.95,2.89,241.13,130.09,528.2
Jepara,5899.89,1357.93,8.64,289.44,717.14,9.01,293.45,393.73,388.79,938.32,451.23,171.52,7.03,194.4,165.74,513.5
Demak,7813.25,1881.54,22.52,350.47,900.64,15.42,629.08,360.81,858.57,895.54,401.91,442.39,54.05,73.95,256.92,669.44
Semarang,11061.23,1460,40.98,434.9,841.46,10.74,3491.13,288.7,901.66,1347.61,455.33,229.57,30.99,598.4,145.33,784.45
Temanggung,6490.71,1045.5,17.91,140.71,676.72,19.14,1266.39,264.79,686.58,915.85,268.79,190.89,4.12,225.68,131.09,636.53
Kendal,7733.54,1326.35,35.2,474.56,542.2,15.73,1338.88,276.53,573.59,1090.28,465.98,252.92,13.31,277.29,115.46,935.25
Batang,6283.79,1265.34,77.59,278.6,752.04,21.84,587.69,223.8,471.07,855.17,471.8,378.35,1.62,186.94,148.13,563.82
Pekalongan,6999.29,1187.91,9.26,222.36,823.07,114.45,901.06,380.21,667.78,1072.47,436.78,342.87,9.65,238.19,96.75,496.49
Pemalang,6646.58,1353.52,30.31,254.03,712.64,54.65,341.49,393.12,395.95,1362.89,489.16,264.56,4.11,140.06,217.02,633.07
Tegal,5626.79,1434.9,30.13,310.31,539.29,36.21,107.55,231.68,428.61,974.61,318.84,279.59,12.68,68.72,102.43,751.25
Brebes,5719.25,1489.52,32.27,249.24,567.57,59.9,147.16,388.55,491.28,760.14,455.99,279.23,8.33,53.42,180.39,556.27
Kota Magelang,8906.68,1746.14,138.23,510.88,208.93,11.24,1138.11,243.39,1303.82,1017.87,613.02,427.05,48.19,455.41,199.72,844.66
Kota Surakarta,8393.16,1177.98,89.71,566.6,315.5,13.05,859.27,201.23,1999.82,562.43,846.75,419.81,42.3,487.92,101.78,709.01
Kota Salatiga,14479.62,2036.6,93.97,1055.21,629.57,22.41,3244.09,353.12,1840.36,1267.86,597.66,351.08,44.38,713.7,304.74,1924.86
Kota Semarang,8956.83,1525.47,121.97,467.39,480.88,7.47,1022.65,213.98,1494.14,600.22,678.76,565.06,16.73,524.52,121.17,1116.43
Kota Pekalongan,5345.05,774.72,56.07,156.49,430.64,0.28,967.88,227.49,465.94,1130.27,363.83,214.06,5.59,134.47,54.02,363.31
Kota Tegal,8629.57,2251.89,237.23,692.61,576.81,33.08,116.49,339.95,477.72,1385.91,714.72,697.05,20.34,200.32,97.07,788.39
Kulon Progo,6660.1,1128.24,32.21,421.99,71.42,23.74,571.84,226.22,883.78,1358,363.88,356.5,15.95,286.88,137.83,781.6
Bantul,10867.69,2021.12,26.97,733.18,118.52,111.94,1600.89,276.79,1096.65,1712.5,727.65,578.48,29.64,463.73,233.74,1135.9
Gunung Kidul,5862.58,1361.27,-,517.09,179.32,6.39,85.35,186.13,491.64,1747.71,465.47,202.36,7.81,71.78,63.38,476.88
Sleman,11333.93,2209.99,58.91,748.96,206.18,42.46,1293.47,227.13,1130.59,1353.05,889.05,599.35,10.02,668.67,233.92,1662.18
Kota Yogyakarta,8617.19,1532.25,123.13,905.05,87.15,29.33,418.43,325.12,1003.74,1114,975.88,450.9,39.22,386.03,188.79,1038.17
Pacitan,5500.1,1184.76,42.07,313.94,310.1,11.96,336.42,274.51,542.21,1331.97,556.04,106.27,8.49,145.14,46.37,289.85
Ponorogo,7004.94,837.52,28.71,443.01,325.24,10.54,559.12,335.46,435.13,1799.85,918.44,257.12,20.68,392.92,125.51,515.69
Trenggalek,4887.36,832.92,14.22,380.12,149.05,15.44,192.59,230.6,347.91,956.09,611.33,259.25,25.45,262.01,45.09,565.29
Tulungagung,7091.38,776.57,95.6,449.68,190.89,163.65,293.1,357.59,1048.2,944.77,1002.29,554.94,50.8,468.28,166.04,528.97
Blitar,6546.07,569.97,18.7,535.78,132.97,41.57,883.68,231.47,585.6,963.68,553.13,412.91,7.14,609.16,111.12,889.18
Kediri,6398.5,706.27,48.98,497.64,222.82,5.63,485.83,324.09,642.55,992.44,700.83,543.98,6.26,509.23,85.08,626.86
Malang,7604.38,685.4,6.08,246.49,409.79,31.47,2104.72,333.83,769.53,734.55,494.41,524.16,18.38,473.62,124.17,647.77
Lumajang,8678.06,635.08,190.73,632.68,357.06,105.77,867.26,740.28,572.69,1373.11,961.65,846.88,94.32,496.9,180.84,622.81
Jember,6534.52,379.05,47.96,351.46,349.7,225.95,1153.59,416.15,343.02,913.02,686.96,362.27,7.09,298.92,293.45,705.93
Banyuwangi,6588.77,680.58,75.87,733.47,141.08,82.01,223.11,616.78,494.42,845.37,623.04,696.62,16.19,352.88,142.25,865.1
Bondowoso,6012.98,270.5,22.61,226.24,216.16,77.15,1362.46,428.31,709.29,827.2,566.06,89.96,33.01,323.92,242.12,617.98
Situbondo,4415.99,355.06,75.95,226.02,412.47,7.69,511.37,307.86,420.21,786.35,425.62,240.55,8.47,127.51,199.67,311.17
Probolinggo,4593.19,364.12,68.33,295.78,201.38,48.8,819.34,427.22,179.27,846.65,372.15,215.68,4.61,233.63,100.7,415.52
Pasuruan,7145.8,447.1,15.14,281.63,521.66,30.43,2143.32,351.1,404.09,997.24,460.49,361.6,23.91,518.59,67.5,522
Sidoarjo,9869.22,1099.91,102.03,536.28,356.34,54.28,1003.25,486.32,710.87,1572.91,1042.85,963.07,22.08,773.78,210.66,934.59
Mojokerto,8650.64,1129.82,32.66,375.97,869.88,206.31,868.47,547.92,468.56,1473.37,887.64,628.19,40.48,510.79,99.02,511.55
Jombang,7059.96,839.42,23.11,368.59,293.61,41.39,1352.63,400.7,312.3,1212.16,622.52,331.54,9.99,355.91,53.18,842.93
Nganjuk,6506.08,927.79,23.43,381.21,269.09,17.63,415.17,331.62,291.3,1418.89,666.91,466.55,22.8,291.81,90.37,891.49
Madiun,6664.93,782.58,2.06,363.5,501.96,75.52,938.15,215.63,267.98,1380.71,833.29,309.31,13.61,179.87,132.89,667.87
Magetan,6215.13,1123.7,57.82,265.66,284.29,56.21,371.74,169.02,476.72,1662.44,824.53,306.64,30.1,119.14,68.02,399.11
Ngawi,6197.41,909.22,0.18,348.32,441.61,37.83,715.58,342.99,311.04,1080.47,846,405.12,27.77,175.3,120.63,435.37
Bojonegoro,5750.32,1063.47,-,316.41,1021.91,46.56,191.62,588.69,46.69,861.22,473.48,624.7,4.55,40.04,125.8,345.18
Tuban,8268.25,1606.68,12.36,537.67,1165.26,144,189.1,463.44,127.32,1396.74,458.13,685.56,21.2,155.9,162.42,1142.46
Lamongan,7971.02,1528.42,73.19,493.38,1069.39,51.11,205.04,601.8,182.35,1476.14,688.34,597.36,43.39,159.39,141.44,660.28
Gresik,9496.53,1466.49,36.95,655.33,576.56,132.25,813.02,569.56,601.4,1400.1,762.17,1258.96,34,410.47,177.45,601.82
Bangkalan,4507.44,637.14,8.65,140.82,558.95,136.19,214.48,537.85,239.01,619.51,574.81,404.28,10.96,245.65,36.36,142.78
Sampang,2694.8,274.07,-,31.25,463.17,15.35,54.05,424.03,149.92,689.28,289.05,119.32,0.46,30.7,47.25,106.89
Pamekasan,4527.99,433.49,44.83,158.46,600.92,21.86,457.77,405.04,193.46,833.02,450.82,123.52,64.06,323.58,70.78,346.38
Sumenep,10081.6,907.54,184.6,758.26,1349.84,39.25,391,599.87,608.02,2736,1305.91,188.38,17.63,203.13,253.45,538.72
Kota Kediri,8880.25,1447.69,37.86,528.15,75.62,169.71,753.42,370.43,1283.97,1126.59,848.79,640.85,55.2,698.5,121.17,722.3
Kota Blitar,9699.57,1134.8,8.75,876.87,62.96,91.53,1453.6,202.82,1597.71,862.07,734.55,579.88,52.89,957.61,216.15,867.39
Kota Malang,9186.93,1030.7,41.73,617.23,339.85,33.88,1654.26,282.88,903.54,1042.89,595.72,685.88,61.01,722.08,170.88,1004.41
Kota Probolinggo,5458.07,447.33,78.66,446.66,257.91,13.15,526.36,373.16,128.75,1168.37,517.3,274.1,8.22,508.01,82.86,627.22
Kota Pasuruan,8885.28,709.23,28.69,488.4,384.82,18.11,1878.34,359.13,424.97,1627.54,636.21,601.65,9.18,324.29,137.36,1257.36
Kota Mojokerto,7803.34,698.89,-,496.89,380.41,-,969.77,369.77,460.26,1454.43,897.8,544.79,25.58,440.05,94.1,970.61
Kota Madiun,11489.79,1749.57,82.2,889.77,365.07,115.04,804.39,322.23,901.53,2059.96,1302.48,786.62,137.71,552.15,287.36,1133.71
Kota Surabaya,11105.57,1556.57,92.06,930.7,476,98.48,769.92,466.28,682.92,1899.25,1544.18,819.77,98.63,730.86,133.11,806.84
Kota Batu,9167.29,807.3,10.23,346.13,528.87,19.59,2587.22,279.32,873.16,1046.29,512.45,510.96,62.06,841.37,155.1,587.24
Pandeglang,4305.88,1197.25,23.73,192.08,504.46,76.29,28.45,509.59,435.03,571.81,286.48,161.24,39.44,86.31,32.56,161.16
Lebak,6130.86,1478.74,137.77,185.3,451.54,81.59,39.4,737.72,584.87,1268.93,415.97,327.88,48.51,84.14,104.43,184.06
Tangerang,7277.8,1899.97,387.19,520.17,341.51,48.45,133.38,642.31,520.15,656.44,806.48,347.54,67.47,218.57,167.26,520.91
Serang,6828.1,1774.61,230.31,343.71,451.36,64.65,38.49,947.87,547.96,977.55,513.42,338.35,90.67,82.17,82.17,344.82
Kota Tangerang,15419.53,4054.8,530.07,1450.06,275.39,32.51,593.05,562.2,1525.75,1197.88,1863.46,705,118.11,947.75,258.87,1304.62
Kota Cilegon,8510.39,2041.85,166.91,525.44,681.5,41.29,287.36,640.64,346.65,988.04,656.4,440.68,245.25,402.97,132.47,912.94
Kota Serang,7698.9,1932.88,248.14,516.76,496.88,133.15,157.06,631.64,555.67,785.33,796.48,281.26,92.74,288.78,211.87,570.26
Kota Tangerang Selatan,11308.21,3021.12,501.56,1230.75,53.16,58.54,89.79,448,1464.3,859.78,1599.38,605.76,70.23,440.77,88.68,776.39
Jembrana,6723.07,1197.26,59.84,833.83,9.79,59.9,228.25,585.39,202.89,1574.74,821.15,232.88,79.55,113.66,98.04,625.89
Tabanan,7457.46,1250.79,278.7,1201.55,350.58,13.02,213.6,524.8,457.26,1332.05,671.43,240.43,54.61,320.17,124.69,423.77
Badung,8914.29,1521.35,606.97,1070.34,409.7,25.24,171,502.77,657.93,1367.79,1101.59,544.18,10.03,259.67,208.84,456.88
Gianyar,8778.08,1914.83,271.61,1082.23,673.38,4.83,57.58,932.43,929.71,1419.81,623.43,270.77,206.62,51.37,41.7,297.79
Klungkung,7672.62,1329.84,297.71,792.73,379.8,-,72.33,785.71,374.52,2039.01,832.79,250.56,30.38,50.02,73.59,363.64
Bangli,9351.28,1708.94,349.42,1183.99,684.92,-,127.03,843.81,401.16,2623.13,478.72,247.66,86.49,253.15,99.61,263.27
Karangasem,3420.63,537.85,75.39,305.98,230.02,-,75.69,422.91,137.04,839.32,453.3,79.41,169.23,1.92,28.13,64.43
Buleleng,6784.95,750.4,58.59,585.24,362.07,10.56,1694.6,367.97,158.46,1403.73,495.29,106.85,94.57,104.48,50.21,541.93
Kota Denpasar,9406.75,1703.09,374.85,1335.06,483.5,36.29,79.98,463.81,1001.14,644.33,1304.95,719.59,79,478.01,168.03,535.12
Lombok Barat,8412.24,925.42,94.04,568.67,1229.06,193.35,1288.65,634.08,151.29,1166.66,687.18,179.6,4.16,142.27,212.68,935.13
Lombok Tengah,7971.54,754.07,26.34,379.9,1494.27,129.94,1140.65,899.21,242.49,928.67,505.5,68.78,33.64,268.14,253.96,845.98
Lombok Timur,11053.4,1298.98,40.16,621.5,2406.25,154.05,1280.59,1103.13,226.41,1326.84,767.61,106.77,3.25,693.83,181.03,842.99
Sumbawa,9751.65,1289.74,105.12,1019.77,1581.84,68.29,803.07,1013.91,223.52,1308.68,480.08,141.74,12.21,278.88,190.54,1234.27
Dompu,6782.93,461.91,44.01,530.22,1375.82,40.39,1217,748.84,145.04,1033.86,534.1,13.98,0.11,136.25,140.17,361.23
Bima,7630,477.92,81.26,706.07,1593.63,64.03,812.16,1048.69,301.33,790.75,226.82,13.36,5.7,421.77,205,881.49
Sumbawa Barat,13487.77,1470.55,99.14,1239.62,1689.93,467.93,2164.23,1050.22,214.7,1542.86,823.2,252.37,0.33,540.81,247.76,1684.13
Lombok Utara,13338.92,1051.75,66.52,540.24,1724.26,123.32,5218.36,546.18,196.21,1300.06,676.16,145.3,9.27,579.28,168.68,993.34
Kota Mataram,12829.62,1772.46,112.93,1093.59,622.61,109.73,2021.81,820.07,148.8,1509.8,1282.53,372.07,66.52,743.18,235.17,1918.36
Kota Bima,10311.03,772.97,47.75,979.28,1165.67,163.58,2007.67,1093.86,49.79,1434.01,802.48,45.43,2.43,443.12,136.37,1166.62
Sumba Barat,4595,128.2,-,142.72,94.04,-,318.41,16.76,1118.83,1099.61,770.88,54.17,14.01,350.97,137.27,349.14
Sumba Timur,3993,321.65,9.68,406.5,209.29,-,63.84,161.28,309.39,1033.99,615.71,30.9,4.18,203.64,306.8,316.14
Kupang,2919,66.47,-,24.38,16.67,-,-,15.99,270.79,1536.16,537.52,200.86,31.74,151.63,23.29,43.5
Timor Tengah Selatan,5046.06,168.81,0.32,323.35,-,-,-,179.28,93.63,2220.95,770.61,52.93,47.11,825.59,167.78,195.71
Timor Tengah Utara,3052.7,109.24,7.18,56.7,-,-,-,12.82,249.54,1276.43,539.54,74.32,17.33,273.46,342.11,94.03
Belu,3055.93,108.21,5.57,325.06,148.9,-,-,75.27,313.08,912.21,640.82,16.05,23.77,167.86,211.68,107.44
Alor,4346.09,148.53,-,103.58,59.95,-,-,32.55,796.31,1934.44,503.79,111.11,36.06,327.1,166.75,125.91
Lembata,5853.51,52.34,0.96,78.19,349.97,-,-,116.47,199.04,2082.53,357.04,146.56,60.38,789.02,323.61,1297.38
Flores Timur,3688.43,5.84,-,50.65,386.11,-,35.71,47.55,225.42,1570.55,317.34,94.46,34.71,611.75,40.58,267.76
Sikka,2575.14,88.51,16.99,10.51,0.8,-,9.36,13.57,90.03,1504.76,272.09,4.86,15.12,319.49,63.04,166.02
Ende,4843.16,201.36,19.91,151.43,132.73,-,310.56,136.97,117.39,1868.49,995.01,141.58,5.98,529.78,39.7,192.25
Ngada,5195.23,151.33,31.02,300.69,335.5,14.52,25.12,91.97,707.68,1534.21,1150.63,52.21,161.6,308.97,126.95,202.84
Manggarai,3687.44,84.29,13.66,212.9,44.87,-,723.06,72.32,712.28,719.21,200.87,41.49,52.08,568.72,127.28,114.4
Rote Ndao,1890.55,87.03,1.47,160.34,-,-,-,83.47,23.28,1153.4,166.53,1.27,2.61,73.18,7.86,130.11
Manggarai Barat,4982.79,64.35,15.97,116.37,152.81,65.09,1738.59,181.76,344.28,1273.34,280.08,97.88,17.03,406.58,96.69,131.98
Sumba Tengah,4519.12,244.21,7.25,181.53,43.79,-,155.07,55.41,853.72,837.58,1268.55,16.38,43.45,364.35,190.76,257.08
Sumba Barat Daya,4147.88,32.28,2.62,10.04,143.2,-,284.6,33.76,926.23,735.88,692.21,19.85,292.52,499.23,116.5,358.96
Nagekeo,5039.24,25.59,21.68,59.1,167.91,-,495.02,191.87,203.79,2226.09,556.83,19.15,23.91,555.93,76.03,416.35
Manggarai Timur,2805.13,46.59,33.58,44.2,235.64,8.06,86.07,52.81,363.44,826.53,317.31,0.33,60.61,635.39,30.63,63.93
Sabu Raijua,3196.39,80.03,22.7,198.72,-,-,-,27.63,825.13,872.92,742.33,190.24,126.27,14.91,54.02,41.48
Malaka,2749.6,62.89,36.32,131.33,25.43,-,16.46,6.09,535.07,974.39,446.11,128.04,114.97,137.79,115.04,19.69
Kota Kupang,6135.88,533.9,39.19,1017.37,287.2,-,266.4,140.88,625.11,1298.83,697.51,52.28,29.07,657.65,110.65,379.85
Sambas,4745.13,743.15,41.33,379.58,-,7.71,-,149.2,126.64,870.1,419.71,1002.4,1.97,74.91,185.85,742.57
Bengkayang,6241.3,1451.02,247.93,734.63,1.35,40.54,-,337.28,485.06,1052.32,694.77,636,1.75,225.7,83.99,248.94
Landak,5298.36,1355.68,87.1,597.57,16.31,4.8,55.4,461,65.75,1212.02,408.57,552.7,20.65,4.31,84.24,372.25
Mempawah,3977.97,690.64,130.63,221.11,14.66,2.97,11.9,216.13,170.97,635.73,401.2,1066.96,19.23,66.54,27.71,301.59
Sanggau,3549.46,679.95,53.96,335.67,17.31,2.47,6.94,193.29,144.95,701.49,340.26,576.92,19.22,64.71,166.95,245.36
Ketapang,5064.68,961.78,311.24,271.59,25.41,95.45,131.93,329.48,153.99,996.55,336.4,729.08,66.91,101.81,97.58,455.5
Sintang,4963.96,922.54,220.48,514.54,6.15,-,2.15,443.5,155.97,1087.42,482.06,742.84,19.91,3.66,88.21,274.53
Kapuas Hulu,4832.73,890,53.13,269.99,-,13,-,308.08,225.75,1299.18,315.75,1186.86,9.75,-,186.78,74.45
Sekadau,5042.95,1188.3,149.92,645.4,-,6.67,-,396.42,44.03,1049.72,458.07,608.32,7.43,112.23,94.33,282.11
Melawi,4079.59,959.77,31.33,329,-,13.77,2.16,294,132.03,593.69,248.17,850.65,6.61,9.05,67.37,541.99
Kayong Utara,4017.88,785.97,49.71,358.78,-,-,-,161.04,120.17,738.75,87.02,697.94,-,11.21,86.54,920.74
Kubu Raya,3477.08,748.54,139.41,198.23,2.79,5.34,-,162.24,178.22,486.1,312.32,695.64,12.26,58.21,44.51,433.27
Kota Pontianak,7416.52,772.37,335.94,983.16,-,-,-,129.55,212.75,1168.45,866.69,1150.48,37.9,404.15,119.53,1235.56
Kota Singkawang,6826.99,1109.52,56.65,862.05,-,-,0.84,222.87,187.06,1208.94,862.32,1026.52,3.59,548.73,65.7,672.2
Kotawaringin Barat,9619.59,1381.03,791,1094.92,138.01,3.17,88.36,519.25,577.7,870.67,361.95,1482.87,100.26,439.85,223.9,1546.66
Kotawaringin Timur,7455.72,1023.13,594.11,1053.15,48.54,18.41,15.65,438.94,601.05,700.36,408.13,1227.32,3.04,5.76,173.82,1144.31
Kapuas,4550.98,364.73,218.37,419.2,68.08,9.93,63.06,300.32,335.29,879.98,336.59,1008.03,7.48,44.39,143.54,351.98
Barito Selatan,3950.68,229.27,274.88,111.71,146.7,57.72,454.59,179.31,156.64,721.75,293.81,685.59,24.44,12.75,55.11,546.39
Barito Utara,10779.66,650.08,724.71,387.44,425.04,273.22,3328.21,265.37,281.47,717.26,370.62,759.46,26.42,98.57,149.46,2322.33
Sukamara,6850.77,1265.36,585.53,881.15,30.77,22.88,103.32,312.84,437.44,638.58,323.86,937.33,15.43,102.48,174.44,1019.36
Lamandau,9996.01,1392.16,247.24,1306.17,2.41,-,259.38,485.76,621.9,1206.35,457.89,1986.52,32,379.96,202.58,1415.7
Seruyan,6153.63,764.57,824.89,417.48,301.36,32.4,126.78,316.59,308.92,718.14,265.72,1245.32,4.23,78.02,91.27,657.97
Katingan,5752.49,743,605.24,371.09,114.68,1.97,92.04,365.81,293.62,704.85,370.8,1333.2,86.93,14.89,264.59,389.79
Pulang Pisau,5172.67,757.14,223.82,266.41,49.75,-,21.01,316.64,255.81,1169.25,241.99,862.35,36.21,0.18,166.8,805.31
Gunung Mas,5498.31,427.77,563.72,390.21,44.32,-,68.72,432.54,212.68,1195.98,315.68,815.05,28.83,46.58,540.23,416.01
Barito Timur,6928.08,311.72,454.73,331.33,361.68,120.05,815.41,92.14,121.05,1080.52,287.47,501.38,49.39,9.08,31.95,2360.19
Murung Raya,5581.57,275.19,459.34,136.83,369.58,219.09,1747.6,107,122.59,580.25,300.91,585.5,4.99,32.11,70.38,570.21
Kota Palangka Raya,8486.89,790.05,615.03,628.22,13.25,24.64,526.75,274.23,1055.49,929.93,752.72,1022.64,6.84,275.16,272.18,1299.77
Tanah Laut,7439.54,615,255.74,466.83,14.68,3.69,1119.65,434.96,111.02,1026.6,547.27,1318.99,19.54,119.7,224.68,1161.17
Kota Baru,6254.09,658.34,635.27,532.18,15.35,6.05,616.85,325.62,109.36,1215.73,278.21,971.69,104.78,60.5,21,703.16
Banjar,6041.78,197.48,325.44,604.81,41.81,-,723.43,242.61,487.72,1079.88,498.01,737.91,11.37,110.75,130.12,850.45
Barito Kuala,4974.53,533.48,92.24,425.5,48.1,31.41,190.25,363.9,150.91,1146.53,578.86,636.17,7.26,7.4,59.71,702.84
Tapin,5703.74,372.86,551.45,592.16,36.68,-,387.02,281.55,334.49,836.28,651.77,883.99,21.1,48.47,83.79,622.13
Hulu Sungai Selatan,4130.71,213.65,323.91,187.68,78.05,24.59,248.48,84.72,130.32,875.04,674.69,332.71,19.26,4.88,79.88,852.85
Hulu Sungai Tengah,6313.2,258.16,323.95,474.91,108.09,4.91,476.25,145.68,225.77,1103.74,849.81,779.07,12.62,23.54,156.49,1370.24
Hulu Sungai Utara,4743.69,112.43,387.19,156.51,60.07,-,410.56,118.44,81.3,910.62,372.51,508.46,6.62,74.73,40.7,1503.54
Tabalong,8056.41,371.7,456.41,539.35,444.91,35.09,441.47,171.23,312.49,1728.56,812.82,1191.3,28,13.71,54.64,1454.74
Tanah Bumbu,8110.6,735.09,503.02,750.29,11.96,53.05,457.99,494.25,295.25,1247.57,413.01,1672.49,22.13,193.48,147.23,1113.8
Balangan,6416.55,189.98,266.41,312.2,228.98,24.91,675.38,175.8,151.78,1470.64,296.59,604.7,0.38,1,104.36,1913.45
Kota Banjarmasin,5797.49,304.24,480.09,548.56,5.95,-,265.19,215.07,719.12,703.03,831.43,835.8,6.49,224.04,132.92,525.55
Kota Banjar Baru,9333.1,675.48,458.5,762.86,-,2.15,624.9,395.44,785.88,1021,1145.29,1464.31,49.27,440.29,166.6,1341.15
Paser,10417.99,1113.94,1263.39,1085.1,732.47,181.84,1300.91,345.31,592.21,931.79,559.64,1035.49,95.81,291.45,88.88,799.75
Kutai Barat,12156.65,869.22,536.85,831.31,1276.83,696.75,4234.71,170.62,520.01,930.49,208.05,690.17,46.42,20.26,45,1079.98
Kutai Kartanegara,8482.65,1016.86,935.53,857.82,156.36,140.62,1061.71,137.5,526,881.12,416.75,1212.84,50.5,190.38,119.73,778.91
Kutai Timur,11693.15,1382.26,1737.88,1138.81,91.35,1115.62,1258.56,217.57,673.31,903.07,433.36,892.99,111.86,348.49,99.61,1288.39
Berau,12348.27,1468.39,841.72,1413.76,355.86,1982.93,1695.58,93.43,702.66,897.32,435.99,1061.2,54.07,230.74,46.13,1068.49
Penajam Paser Utara,6788.38,963.54,544.61,831.6,62.71,54.45,67.14,74.68,209.61,962.59,509.53,1200.31,59.71,51.22,94.53,1102.17
Mahakam Ulu,8348.26,404.86,326.57,476.25,274.98,132.1,3175.87,153.17,245.14,1049.35,779.26,636.66,14.22,11.43,113.89,554.52
Kota Balikpapan,10902.56,1587.26,1109.2,1242.01,-,43.79,532.48,249.68,850.33,1516.37,1069.78,956.33,14.71,484.15,72.46,1174.01
Kota Samarinda,10816.21,1335.87,1168.02,1150.69,63.07,329.78,1018.1,121.48,647.85,935.9,745.74,1250.78,67.69,322.63,136.99,1521.63
Kota Bontang,9957.74,1523.63,861.44,1344.96,23.86,547.64,341.74,213.91,820.14,1133.81,723.99,789.24,33.67,317.87,93.41,1188.42
Malinau,4023.16,514.8,35.98,313.05,68.98,79.71,60.25,14.06,144.9,1525.47,410.01,337.48,3.34,-,14.05,501.09
Bulungan,12263.53,432.85,241.17,554.76,132.62,3329.03,3389.44,154.14,358.4,1185.31,747.5,755.62,79.58,212.86,8.06,682.19
Tana Tidung,6729.92,763.76,181.37,890.15,137.31,309.62,321.68,-,306.77,1594.82,425.59,856.53,28.87,204.92,1.23,707.31
Nunukan,5945.19,600.39,450.13,1059.21,90.65,167.32,183.37,29.01,201.94,1149.85,661.23,549.31,25.8,93.64,16.33,667.01
Kota Tarakan,8577,882.85,310.52,1050.92,136.64,934.55,176.36,36.5,240.74,1247.59,798.54,1105.27,121.09,86.27,205.84,1243.33
Bolaang Mongondow,5772.41,135.99,372.23,365.93,438.52,381.12,689.22,129.57,326.12,1205.78,504.84,666.7,100.99,216.99,13.22,225.2
Minahasa,7528.79,291.48,253.81,777.03,111.22,200.86,234.19,459.83,751.69,1554.38,1075.11,537.38,688.27,278.04,27.71,287.8
Kepulauan Sangihe,5814.34,94.7,68.72,161.06,198.94,169.1,2290.7,67.27,341.4,1417.41,705.59,110.76,23.73,8.72,1.72,154.51
Kepulauan Talaud,6522.42,131.46,111.2,157.16,363.21,118.48,1566.55,19.83,202.14,1284.07,507.04,271.33,1595.29,74.34,17,103.3
Minahasa Selatan,6078.36,157.18,177.27,758.37,389.94,113.08,256.19,198.2,512.39,1269.35,972,590.35,275.46,291,17.47,100.11
Minahasa Utara,7666.87,239.47,213.47,1228.35,342.61,152.17,416.8,173.95,792.68,1575.76,1136.98,606.37,226.65,248,1.56,312.05
Bolaang Mongondow Utara,4892.78,73,133.13,399.48,282.96,336.07,698.81,51.7,238.35,1290.56,595.78,250.73,204.46,127.62,63.06,147.05
Siau Tagulandang Biaro,7151.55,222.01,28.23,366.64,146.11,143.33,2326.58,410.71,187.1,2123.06,664.24,248.34,82.3,110.58,1.73,90.59
Minahasa Tenggara,6448.79,48.59,612.67,205.99,611.19,301.95,502.43,117.85,478.79,1373.29,759.36,552.02,407.34,254.18,53.92,169.23
Bolaang Mongondow Selatan,10068.8,148.18,619.18,95.12,701.55,129.21,6204.13,170.26,188.03,937.85,260.66,259.5,103.36,91.83,11.91,148.03
Bolaang Mongondow Timur,8934.48,120.07,861.73,463.68,888.7,1364.71,2087.59,25.45,301.52,1255.56,466.87,352.65,281.2,367.3,22.99,74.44
Kota Manado,7011.45,307.83,214.51,929.81,365.15,242.94,48.75,151.37,460.87,1614.87,1019.88,505.84,681.04,106.98,14.05,347.56
Kota Bitung,6294.13,138.75,947.15,659.75,162.74,143.35,92.93,118.45,773.23,1272.08,928.95,524.25,172.95,162.02,5.3,192.24
Kota Tomohon,6832,448.18,204.53,808.33,136.81,556.8,290.83,521.61,739.54,1074.97,968.31,250.84,252.85,234.58,15.46,328.36
Kota Kotamobagu,6976.93,265.33,148.71,690.6,364.49,342.2,891.47,68.19,526.56,1424.26,783.84,434.2,387.57,231.34,14.18,404.01
Banggai Kepulauan,6827.84,27.99,470.24,38.29,21.19,105.88,3208.11,60.72,137.14,1166.28,338.02,171.29,739.12,42.05,9.03,292.5
Banggai,7139.92,182.2,297.82,187.13,942.76,94.14,2404.91,238.08,203.11,997.53,412.65,169.63,310.62,305.6,31.36,362.38
Morowali,11146.34,362,474.55,525.36,1361.13,675.01,3679.87,212.73,364.3,746.24,673.36,549.07,798.79,164.01,15.13,544.81
Poso,11833.87,66.23,101.29,152.52,1788.73,468.75,5452.59,62.54,161.71,1116.2,757.03,415.88,604.93,154.2,33.62,497.65
Donggala,4194.69,91.42,421.22,199.05,23.44,2.61,523.88,147.61,136.83,1087.67,444.12,272.19,459.35,111.65,32.15,241.49
Toli-Toli,4255.01,192.99,391.86,300.17,44.69,0.51,679.85,89.38,88.11,757.46,361.92,178,173.46,210.11,102.11,684.38
Buol,4963.06,51.29,367.46,108.92,142.8,113.37,1557.13,47.76,124.29,713.29,523.36,181.66,707.49,37.24,34.19,252.8
Parigi Moutong,6443.09,109.92,571.08,147.88,343.11,0.52,2249.58,98.49,113.22,1020.1,261,314.75,543.76,131.73,101.07,436.87
Tojo Una-Una,7715.84,107.64,226.92,253.53,303.83,24.87,4528.07,42.79,358.39,954.96,410.79,118.54,-,182.46,17.66,185.41
Sigi,5264.32,210.96,716.26,457.69,134.95,2.97,326.72,68.57,347.53,804.26,804.83,345.14,725.37,83.07,60.12,175.87
Banggai Laut,7782.97,98.51,1119.31,69.27,214.39,55.58,2966.89,162.62,136.61,1535.67,258.3,398.12,737.13,13.83,3.54,13.2
Morowali Utara,11296.26,218.99,157.58,81.41,1874.96,741.87,4845.99,110.91,86.9,817.08,470.98,266.78,331.76,536.31,41.52,713.23
Kota Palu,7105,335.98,978.54,775.96,191.17,-,726.2,24.68,105.76,628.58,701.85,541.46,897.59,339.54,79.73,777.97
Kepulauan Selayar,6560.91,81.38,68.11,403,839.62,5.06,192.26,31.29,629.76,2834.7,521.78,105.77,172.34,97.47,44.43,533.96
Bulukumba,9360.29,223.53,289.01,343.51,3100.61,110.25,2012.94,154.97,328.6,1537.31,278.94,103.16,159.45,207.53,43.87,466.62
Bantaeng,9860.17,281.55,873.71,466.97,2357.45,287.49,2230,84,558.31,1330.28,317.57,262.55,73.08,148.23,93.68,495.31
Jeneponto,5009.78,292.5,58.89,324.13,1183.61,51.46,373.9,119.25,596.41,1347.94,311.6,49.35,78.28,70.06,38.28,114.09
Takalar,5435.38,183.54,173.95,462.44,845.53,24.45,694.85,410.95,219.25,1274.21,313.44,74.48,301.56,85.12,63.74,307.88
Gowa,6177.75,387.27,285.09,516.08,1103.36,58.69,745.69,286.83,362.14,913.35,476.33,154.35,297.44,180.38,36.53,374.22
Sinjai,6194.32,129.93,421.8,283.03,1004.46,78.54,1218.9,76.55,447.01,1327.44,412.92,137.04,71.02,132.23,64.14,389.32
Maros,5905.42,213.23,111.18,610.54,744.31,34.65,1042.14,346.97,232.8,1182.51,344.01,62.95,144.04,270.58,56.44,509.07
Pangkajene dan Kepulauan,7604.4,277.26,226.13,685.11,1131.95,55.42,485.93,837.08,315.15,1473.09,689.44,297.67,116.1,228.09,128.98,657
Barru,5447.83,222.82,128.95,896.72,593.41,10.89,525.22,221.86,186.58,1376.33,225.8,196.16,173.77,147.35,7.03,534.95
Bone,4259.64,132.44,408.64,262.82,429.79,32.23,846.93,193.92,111.52,1080.11,259.08,121.24,143.56,44.24,13.73,179.39
Soppeng,4670.03,148.67,291.19,432.94,226.81,24.52,479.06,154.22,184.67,1627.93,341.35,220.64,121.54,46.59,18.96,350.94
Wajo,9444.19,212.39,878.06,260.39,525.47,126.38,4321.42,251.94,103.73,1586.16,254.89,221.35,455.94,75.34,25.77,144.98
Sidenreng Rappang,5392.82,138.87,176.54,510.76,238.49,32.54,2024.06,315.55,61.77,851.94,272.34,249.43,87.25,153.11,49.46,230.72
Pinrang,6096.96,180.53,254.61,549.97,99.18,5.99,1272.57,161.88,120.9,1134.66,448.25,659.67,346.77,226.19,51.74,584.05
Enrekang,7862.17,401.64,322.91,514.47,605.97,216.27,2163.52,145.93,262.9,992.94,604.1,252.56,284.35,311.18,50.54,732.88
Luwu,8888.74,168.99,247.63,241.93,1325.83,280.4,4566.04,167.62,87.94,733.25,249.89,189.96,258.88,67.44,39.19,263.74
Tana Toraja,4175,250.89,62.87,158.35,476.33,43.1,182.49,75.92,220.45,1323.79,470.33,74.35,388.79,264.16,51.8,131.4
Luwu Utara,11685.99,178.31,133.42,193.85,602.9,184.48,7397.62,188.67,104.75,989.91,232.76,479.25,453.33,64.92,32.75,449.07
Luwu Timur,14675.26,206.55,137.38,492.53,1850.99,161.88,8059.3,157.98,179.73,905.76,615.71,696.13,138.16,398.46,41.67,633.03
Toraja Utara,6158.43,247.38,99.55,234.12,1062.61,152.66,1267.69,172.45,181.09,1167.06,453.64,91.93,150.84,471.8,132.98,272.63
Kota Makasar,7663.52,488.65,334.55,966.09,428.73,9.63,1000.27,278.77,471.74,981.44,792.6,507.57,329.56,396.32,32.26,645.35
Kota Parepare,6809.87,496.83,114.91,1123.98,128.04,2.07,1929.74,205.02,37.39,1099.66,433.23,214.63,225.43,200.95,22.42,575.57
Kota Palopo,17158.63,210.42,151.51,352.66,3092.15,715.48,9773.14,104.55,74.8,841.46,517.94,383,33.92,296.64,7.77,603.19
Buton,4282.52,123.41,457.43,306.78,759.68,5.57,63.14,292.14,387,1042.94,153.25,102.69,167.48,123.91,24.48,272.61
Muna,4109.47,75.58,177.75,259.25,721.74,17.5,16.44,131.39,256.35,1050.65,329.45,546.59,166.77,9.72,19.04,331.26
Konawe,7208.54,292.39,80.59,402.7,822.06,40.13,2598.76,231.69,226.48,788.39,331.24,364.8,400.7,24.98,16.34,587.28
Kolaka,7435.22,453.59,316.04,816.5,189.77,19.82,1492.46,324.89,189.74,1109.96,472.47,684.63,281.75,323.2,20.89,739.5
Konawe Selatan,4003.45,122.97,123.45,306.84,145,-,663.11,212.3,92.08,1020.61,229.98,155.19,398.1,50.02,21.63,462.16
Bombana,5230.58,176.97,521.19,392.85,185.95,-,1171.8,297.42,54.4,1234.54,207.17,279.95,232.49,32.18,10.07,433.59
Wakatobi,6380.19,317.89,207.59,504.29,706.28,23.48,362.85,68.91,403.35,2082.21,593.35,267.85,254.24,131.75,49.1,407.05
Kolaka Utara,14189.08,54.1,531.66,386.05,482.02,199.74,8885.19,109.77,108.89,1327.77,253.5,363.67,472.85,586.12,6.62,421.12
Buton Utara,4522.33,228.02,310.83,442.9,548.5,2.73,100.6,297.64,222.8,1171.28,188.8,357.68,76.43,98.45,48.23,427.47
Konawe Utara,9525.37,300.5,262.43,720.03,783.6,77.23,3826.55,182.19,223.75,981.8,284.24,427.16,669.95,42.16,39.38,704.39
Kolaka Timur,6322.3,136.42,375,478.47,62.65,-,1747.62,156.71,264.68,920.3,298.74,378.12,659.58,120.9,20.59,702.52
Konawe Kepulauan,6326.14,75.43,889.28,410.92,424.57,26.01,1400.09,92.41,141.96,1338.29,94.25,270.87,1063.48,10.49,17.31,70.76
Muna Barat,4307.33,182.91,88.95,288.42,730.2,35.66,49.52,182.73,278.63,1208.79,229.51,560.85,119.18,35.22,8.03,308.72
Buton Tengah,4133.76,132.1,208.29,420.23,709.19,86.51,98.51,53.44,175.38,880.48,258.15,385.93,389.46,37.84,9.87,288.39
Buton Selatan,3147.49,46.57,202.28,29.06,408.33,10.11,297.22,108.48,251.54,1137.12,215.62,202.92,36.17,-,36.69,165.38
Kota Kendari,8962.96,394.69,548.02,1621.86,223.97,25.73,832.27,220.24,518.44,879.78,609.82,474.5,729.41,154.13,84.55,1645.56
Kota Baubau,5792.45,290.36,74.03,603.86,672.41,19.13,796.31,105.41,236.96,1153.1,338.94,332.43,471.03,159.98,48.17,490.32
Boalemo,4917.08,250.04,253.35,387.05,832.81,101.52,291.12,304.49,219.39,1183.07,502.52,271.64,22.93,62.51,73.01,161.63
Gorontalo,5590.88,161.66,263.4,523.25,410.3,175.31,789.75,202.92,274.67,1106.11,757.39,497.9,11.23,133.53,43.32,240.14
Pohuwato,4262.28,144.93,362.68,290.59,459.37,59.36,1006.44,91.14,168.82,805.2,303.33,359.68,1.8,42.22,59.03,107.68
Bone Bolango,4684.6,107.73,372.35,411.22,123.4,24.68,509.72,59.44,167.49,1415.54,815.39,272.9,85.64,146.25,37.71,135.15
Gorontalo Utara,5477.63,39.31,264.37,294.41,249.69,105.47,1516.34,251.61,172.14,1082.74,613.7,272.93,201.6,36.66,19.75,356.89
Kota Gorontalo,5215.15,94.17,544.85,635.22,155.36,55.44,367.44,22.12,266.33,1170.49,878.63,457.94,46.59,228.86,25.95,265.77
Majene,3845.85,110.68,313.8,240.12,58.26,-,-,70.69,300.71,1217.23,505.16,424.73,255.05,51.81,20.12,277.48
Polewali Mandar,3820.41,195.24,130.61,408.75,137.58,20.4,265.32,94.2,142.54,937.1,516.88,261.34,372.35,68.85,49.27,219.98
Mamasa,2325.04,116.42,64.43,12.69,21.63,1.35,-,35,145.28,852.7,254.4,104.74,377.03,178.71,54.43,106.24
Mamuju,4666.41,454.81,584.65,290.6,131.1,13.47,30.97,41.66,266.39,878.24,421.91,738.27,485.64,110.44,14.53,203.74
Mamuju Utara,5305.94,359.34,640.9,470.13,590.55,38.12,42.91,146.05,128.73,840.61,328.54,821.38,251.25,187.93,64.59,394.9
Mamuju Tengah,4604.14,410.41,460.24,459.29,101,-,106.6,61.98,165.18,632.82,280.68,692.81,417.37,152.84,76.85,586.07
Maluku Tenggara Barat,3862.34,98.18,102.74,264.68,8.54,25.65,-,30.52,491.23,1842.13,433.47,178.06,33.74,49.88,27.65,275.86
Maluku Tenggara,6078.89,105.19,413.07,222.75,17.92,-,-,128.15,712.91,2227.82,1009.19,106.23,68.53,793.56,35.83,237.74
Maluku Tengah,8102.57,266.92,1925.65,187.99,384.1,85.64,822.41,464.64,615.67,884.09,744.03,443.25,226.92,261.93,101.62,687.7
Buru,10017.34,333.73,1611.75,401.57,713.65,96.1,4006.92,328.55,556.39,398.53,401,455.63,167.65,196.53,78.7,270.64
Kepulauan Aru,3515.8,217.02,578.5,230.29,56.75,-,52.35,110.54,200.24,980.58,187.78,268.65,18.7,232.7,57.16,324.55
Seram Bagian Barat,6703.93,112.63,1531.46,71.34,182.89,88.89,164.96,366.33,576.7,1509.21,503.43,301.67,120.15,325.76,130.21,718.3
Seram Bagian Timur,7107.02,409.75,2215.96,234.37,222.4,30.81,184.74,168.07,627.93,952.5,461.36,595.28,145.88,249.97,136.22,471.78
Maluku Barat Daya,5841.53,212.72,150.66,122.25,7.58,-,-,-,1057.47,2637.26,758.7,181.18,7.85,11.75,37.65,656.47
Buru Selatan,5264.16,81.53,1734.93,217.62,-,-,268.61,165.45,297.97,1349.95,331.62,34.61,220.66,157.45,156.82,246.94
Kota Ambon,7702.37,359.38,1182.02,666.44,114.86,30.32,266.75,201.56,232.97,759.91,613.7,728.16,425.45,1002.18,43.46,1075.2
Kota Tual,5531.12,189.97,388.33,282.53,157.79,-,22.96,146.89,403.86,1157.49,1272.69,394.86,66.7,795.72,56.81,194.5
Halmahera Barat,6963.17,167.41,119.31,163.08,92,819.45,245.1,580.19,234.65,2398.74,492.14,178.63,1019.76,148.05,53.57,251.12
Halmahera Tengah,10990.62,492.78,4051.98,483.98,508.31,271.4,140.31,514.96,138.34,2390.75,494.69,636.15,68.2,144.76,149.54,504.46
Kepulauan Sula,7923.01,121.46,1304.41,168.92,199.45,281.66,3420.56,95.93,253.08,1209.21,167.4,292.62,123.22,146.29,8.48,130.33
Halmahera Selatan,7154.56,65.9,1386.65,104.79,213.92,269.01,444.14,138.43,88.54,3419.79,313.6,160.01,-,56.19,41.3,452.29
Halmahera Utara,8372.49,167.85,347.39,141.5,961.5,1376.1,859.66,256.74,104.4,2401.2,470.15,215.48,752.28,88.69,8.72,220.82
Halmahera Timur,6668.38,188.19,1352.34,314.07,437.68,234.71,253.8,212.67,121.1,1217.64,676.79,831.52,228.58,118.1,73.06,408.16
Pulau Morotai,9470.22,361.88,408.21,209.59,1091.83,1037,622.18,585.8,174.86,3127.83,511.85,415.98,371.67,53,48.61,449.91
Pulau Taliabu,9586.1,225.81,2713.28,128.81,92.79,200.4,3546.59,-,184.11,2030.62,193.25,83.11,122.76,59.14,1.91,3.52
Kota Ternate,7453.53,412.46,356.37,757.58,387.25,401,1149.38,365.03,101.7,1025.97,874.87,693.01,26.3,231.93,49.78,620.9
Kota Tidore Kepulauan,9348.07,260.98,724.67,656.85,349.98,572.36,221.5,656.74,164.31,2556.02,1209.85,474.67,28.98,587.95,34.69,848.52
Fakfak,10235.22,386.12,3631.1,277.94,284.02,18.74,872.08,167.26,538.21,1318.42,613.73,453.43,154.53,603.52,186.77,729.34
Kaimana,13146.48,288.97,1254.21,515.03,476.02,99.22,4620.3,473.94,417.82,2678.98,368.51,354.12,55.08,726.58,112.25,705.44
Teluk Wondama,6637.03,510.95,1515.52,353.82,242.85,378.09,78.36,15.02,525.11,1567.23,570.12,115.79,170.9,73.24,171.75,348.31
Teluk Bintuni,18454.07,761.32,3448.58,554.53,2509.37,796.96,5065.84,40.49,585.83,1847.22,946.78,367.11,28.2,182.62,198.69,1120.53
Manokwari,12624.46,556.11,1547.66,375.84,3474.91,1357.25,1050.88,76.36,545.28,876.53,1176.87,262.33,112.4,281.61,233.28,697.18
Manokwari Selatan,12965.84,242.2,4171.57,272.24,3446.69,457.09,774.18,24.77,291.92,1414.53,708.92,29.07,207.44,413.28,191.94,319.97
Pegunungan Arfak,5482.6,535.72,171.07,13.34,216.26,295.76,13.79,16.5,232.38,682.19,644.12,48.06,51.68,526.11,5.71,2029.91
Raja Ampat,6292.74,247.04,2567.72,64.05,49.08,78.45,15.56,123.5,167.53,1558.83,335.61,89.77,176.72,14.13,229.76,575.01
Sorong,8826.03,1226.25,1362.95,610.85,118.99,58.91,100.79,340.13,615.92,1512.68,808.45,889.6,3.02,402.15,214.62,560.73
Sorong Selatan,8737.37,131.66,700.84,244.13,450.84,19.97,2549.88,79,277.38,2548.55,478.71,77.33,85.64,57.45,207.29,828.71
Maybrat,7765.84,220.52,468.21,387.01,388.53,-,140.5,164.38,587.75,1389.59,1331.35,189.38,116.64,770.67,294.91,1316.43
Tambrauw,10947.41,191.07,2762.23,94.61,1011.97,1410.93,868.67,-,505.36,3433.53,332.44,19.88,-,95.95,40.5,180.28
Kota Sorong,7954.97,631.65,1009.3,309.33,621.37,149.66,472.93,397.17,555.37,684.49,533.89,856.96,226.75,337.42,79.93,1088.75
Jayapura,14115.25,814.78,1253.32,681.16,1560.44,2579.84,1925.09,117.64,859.7,1300.45,1000.78,713.36,227.36,283.2,274.55,523.59
Kepulauan Yapen,4068.51,130.06,240.78,44.48,88.57,176.81,698.63,56.82,335.8,1336.12,442.68,110.64,182.62,66.82,31.22,126.46
Biak Numfor,5000.47,400.27,723.94,346.46,374.41,102.82,99.36,28.07,442.19,558.93,831.97,42.62,398.42,261.12,30.56,359.32
Sarmi,5309,404.54,177.7,6.43,1370.07,147.26,175.2,26.96,464.89,1230.76,860.53,182.37,182.91,-,34.72,44.65
Keerom,5128.7,515.9,128.29,152.42,1440.33,97.61,82.24,93.07,219.72,1166.36,503.82,245.33,110.79,82.95,48.49,241.37
Waropen,5914.29,236.55,2032.14,84.26,406.01,33.84,91.83,69.64,484.91,1344.15,611.27,128.97,170.24,60.88,59.12,100.5
Supiori,9320.38,159.15,261.3,232.22,474.64,250.03,5041.87,239.16,932.12,830.06,502.75,17.61,59,185.74,67.03,67.7
Mamberamo Raya,6845.68,-,-,-,99.19,-,517.55,88.12,872.26,4964.07,134.37,-,-,-,4.88,165.24
Kota Jayapura,8593.14,948.93,695.12,742.5,1075.38,739.86,320.48,91.17,534.35,682.22,793.73,518.67,470.68,213.72,191.91,574.43
Merauke,8922.69,1518.03,29.09,494.6,2.41,52.53,1288.58,111.92,305.06,1723.04,826.65,683.59,43.47,146.67,162,1535.05
Boven Digoel,6250.96,514.74,130.49,236.15,82.6,-,2339.95,115.23,479.93,1189.75,493.61,173.05,19.45,22.82,41.22,411.99
Mappi,5091.83,271.46,57.37,325.42,233.5,-,568.26,6.45,513.77,1965.57,615.14,230.59,-,154.14,94.36,55.8
Asmat,6648.71,481.68,13.98,752.16,37.45,-,-,192.81,498.4,2210.86,551.69,187.68,45.16,519.82,155.46,1001.56
Mimika,8065.1,955.11,536.9,564.44,149.99,777.93,170.04,275.74,416.21,1262.41,843.75,865.67,320.19,312.26,483.83,130.64
Dogiyai,8310.24,814.86,745.31,-,-,-,-,32.45,647.77,570.42,293.5,25.63,96,1333.52,56.24,3694.54
Deiyai,6416.94,1828.68,739.53,-,11.88,-,-,10.39,470.73,893.25,905.61,-,66.67,230.51,85.13,1174.55
Nabire,7121.78,758.69,1540.7,471.96,170.53,-,151.98,188.23,422.23,832.9,777.9,755.94,187.19,107.53,115.8,640.18
Paniai,6925.83,2805.03,120.36,-,-,-,-,-,99.44,943.12,712.56,14.13,1.28,597.62,18.84,1613.46
Intan Jaya,12492.03,3448.38,2597.94,-,-,-,40.4,1.79,359.54,1929.19,1692.24,2.53,272.6,1171.43,47.42,928.57
Puncak,1835.17,5.49,-,-,-,-,-,-,-,440.41,-,-,-,1389.27,-,-
Puncak Jaya,4292.34,-,853.91,-,-,-,-,-,2216.6,249.09,368.29,-,-,404.86,42.78,156.81
Nduga,5107.47,609.74,-,-,-,-,-,3.25,405.98,3326.04,24,18.68,437.95,174.63,8.32,98.85
Jayawijaya,10699.34,3361.81,11.95,127.43,-,91.7,9.38,49.2,1417.59,4253.19,265.7,146.65,394.7,360.69,20.16,189.18
Lanny Jaya,8873.54,507.87,-,-,-,-,-,-,166,7222.55,15.33,-,90.33,453.3,233.99,184.18
Tolikara,8467.15,2643.11,-,-,-,-,-,104.91,1271.41,2121.12,281.25,-,-,122.1,6.41,1916.85
Mamberamo Tengah,18892.63,8676.96,143.79,-,-,-,-,-,90.05,9252.8,-,-,-,-,-,729.03
Yalimo,11369.67,998.07,4.16,-,-,11.88,-,21.76,656.85,6118.04,585.59,-,-,161.68,112.3,2699.33
Yahukimo,9732.61,236.46,94.1,-,-,-,-,-,1896.31,2266.65,2516.96,264.68,11.24,1666.94,22.04,757.24
Pegunungan Bintang,6732.13,37.94,-,-,-,-,-,21.99,2991.9,1932.65,1090.88,-,35.92,9,-,611.85